향수_이름,향수_설명,향수_name
조러브스 조 바이 조 러브스,"씁스름한 자몽향이 나면서 베이스에 우디가 있어서 좋아요. 신기하다. 오렌지인데 백화점 오렌지예요. 현대 백화점에 가면 지하에 마트가 있잖아요, 거기에서 오렌지 포장 이렇게 막 해가지고 비싸게 그니까 그런 진짜 탐스럽게 잘 익은 주황색 시트러스 과일향이 처음에 퍼지는데 딱 그 상큼 씁쓸함이 너무 잘 표현이 됐고 뒤로 갈수록 자몽이나 오렌지에 달려 있는 가지나 이파리 그런 느낌도 살짝 그리너리하게 나고, 오렌지 수확할 때의 나무 상자같은 견고한 나무 냄새 우디 향도 베이스에 싹 깔려 있어요. 과즙 향이라는 게 아닌 거 같아요. 과즙 향은 분명 약간 촉촉하고 러블리하고 귀여운 느낌이 나야 되는데 얘는 세련됐고 되게 중성적이지. 탄 피부한테 엄청 잘 어울릴 것 같아요. 약간 캘리포니아 감성 쪽이요. 이 사람은 빨간 스포츠카 올 거 같은 약간 선글라스 하나 딱 끼고 그리고 캘리포니아의 그 오렌지 농장을 쫙 달리는 거죠.",Jo Loves Jo by Jo Loves
안나수이 판타지아 머메이드,"되게 유명하지 않은 비싼 니치 향수향이 나요. 되게 묘해요, 우아하고 고혹적이예요. 한편으로는 되게 고풍스럽게, 이게 옛날 옷장에서 날 것 같은, 그런 안나수이 풍이지만 엄청 과장되고 앤티크한 그게 그거대로 멋있어요. 향도 안나수이 향수라서 진짜 안나수이 풍인 거 같아요. 사람으로 따지자면, 되게 밝은 사람이 프릴 원피스를 입은 느낌?",Anna Sui Fantasia Mermaid
록시땅 시트러스 버베나,"여름하면 제일 먼저 떠오르는 향 중 하나죠! 얘는 진짜 기분전환 확 되는 느낌이예요. 완전 비타민 C 포로 나오는 걸로 물에 풀어서 워터밤 총에 넣고 마구 뿌리는 느낌! 진짜 시원한 옷차림, 야외용 옷차림에 걸맞는 아주 가볍고 전혀 부담 없는 시원한 향기예요. 이 향을 뿌리는 사람은 약간, 세상 사람 다 친구인 극E 인간 이미지의 분이실 것 같아요. 파워 사교성과 밝음으로 무장한 사람의 느낌.. 인간 비타민! 축 처진 기분을 끌어올려 줄 수 있는 그런 활기가 있는 향이라고 생각이 들어요. 직관적인 레몬 냄새보다는 약간 더 자연적인 그 나뭇가지 향이, 잘 익은 프루티향이 섞여 있는 향이예요. 원색 옷에 매치하면 정말 잘 어울릴거예요! 옆에서 맡는 사람들이 더 좋아할 향수 같아요.",L'Occitane Citrus Verbena
산타마리아노벨라 매그놀리아,"핑크색 꽃이 생각나요. 봄날에 꽃이 만개한 목련 나무 밑에 있는듯한 기분을 들게 해주는 달콤하고 화사한 프루티 플로럴 향인데, 여기서 느껴지는 달콤함이 쿨한 달콤함이라 여름에 뿌려도 괜찮지 않을까라는 생각이 들어요. 한 마디로 정리하자면, 목련 나무 아래 그늘에 있는 느낌! 좀 청순한 이미지, 디즈니 그런 거 보면은 꽃 많고 막 궁전 이런 데서 새 날아와 있고 약간 그런 화사하고 달콤하고 귀족적인 그런 느낌 있잖아요. 잠 자는 숲 속의 공주가 떠오르는 향, 핑크색 옷을 입고 정원에 누워있는 공주의 느낌. 소개팅 때 뿌려도 잘 어울릴 것 같아요! 린넨 소재 민소매 원피스에 가디건 입고 뿌리고 한강 걸으면 잘 어울릴 것 같아요.",Santa Maria Novella Magnolia
모노템 시클라미노,이 향수는 한 마디로 얘기할 수 있을 것 같아요. 데미소다 사과맛에 상추를 섞은 향입니다. 갓 재배해서 되게 싱싱한 상추랑 탄산이 가득하고 시원한 데미소다 사과맛을 함께 먹으면 여기서 나는 향이 나지 않을까라는 생각이 들었어요. 산뜻한 풀과 시트러스 과일 향이 잘 조화를 이뤄서 밝고 싱그러운 이미지를 연출해주는 향수예요. 햇살 좋은 날에 과일 바구니를 들고 잔디밭에 피크닉을 가면 날 것 같은 향으로 느껴지기도 합니다.,Monotheme Cyclamen
클린 리저브 테라 우드 EDP,북유럽의 숲속을 걷고 있을 때 불어오는 바람의 냄새를 담은 향수인데요. 실제로 냄새를 맡아 보면 확실히 나무 냄새가 나요. 숲속에서 느껴지는 풀과 이끼의 냄새나 바닥에 깔려있는 흙에 냄새는 잘 안 느껴지고 나무 둥치에 냄새가 많이 납니다. 울창한 숲속의 이미지라기보다는 나무가 많이 심어져 있는 도심 속의 공원의 이미지로 느껴집니다. 그리고 달콤한 바닐라향도 같이 느껴져요. 여기서 느껴지는 바닐라 향이 맑고 청결한 느낌이라서 비누나 섬유유연제의 느낌을 연상케 합니다. 달콤한 향이 나는 바디워시로 깨끗하게 샤워를 한 다음에 나무가 많이 심어져있는 길을 산책하고 있는 기분이 들어요.,Clean Reserve Terra Wood EDP
돌체앤가바나 더원 포맨,"이 향수는 처음 뿌리면 시원한 남자 스킨 냄새와 생강 차 냄새 그리고 엠버 향이 같이 납니다. 시간이 좀 지나면 낡은 나무 냄새 같은 게 나요. 아마도 타바코 향조와 시더우드 향조가 어우러져 이런 오래 돼 가지고 부식된 목재 가구에서 날 것 같은 냄새가 나는 것 같아요. 물에 젖거나, 오래돼서 부식된 목재 가구에게서 날 것 같은 향이랄까요.",Dolce & Gabbana The One for Men
모스키노 아이 러브러브,아주 시원하고 중성적인 오렌지향이 나는 제품이에요. 우리가 알고 있는 가장 흔하고 받아들이기 쉬운 여름용 시트러스 향을 예상하시면 될 것 같습니다.,Moschino I Love Love
페라가모 인칸토 참 EDT,청포도 사탕에다가 개운한 샴푸 향기를 섞은 향입니다. 아주 시원하고 상큼발랄해서 여름에 정말 잘 어울리는 것 같아요!,Ferragamo Incanto Charm EDT
엘리자베스 아덴 화이트 티,처음에 딱 맡을 때는 중성적인 시트러스 향에다 약간 인공적인 파우더향을 섞은 향이라고 느껴졌었어요. 하지만 시간이 조금 지나면 차향이 느껴지는데 약간 밀크티 중에서도 당도가 굉장히 낮고 우유도 적게 들어가고 물은 많이 들어가서 좀 희석이 많이 된 것 같은 느낌을 느꼈습니다. 향이 매우 은은해요!,Elizabeth Arden White Tea
끌로에 오드뚜왈렛,아주 고급진 장미비누 향이 나는데요. 백장미가 떠오르는 향입니다. 초여름 즈음에 이파리들이랑 백장미가 피어 있을 때 날 것 같은 향으로 느껴지기도 해요. 약간 청초한 이미지가 있어요.,Chloe Eau de Toilette
플로리스 런던 화이트 로즈,이 향은 아주 퓨어한 이미지의 순백의 장미가 떠오르는 향이거든요. 막 검붉고 가시 도친 장미 말고요 부드러운 흰 장미의 꽃잎만 떼서 그걸로 우유 비누를 만든다면 딱 이런 향이 날 것 같습니다. 상냥하고 마일드한 이미지에 은은한 향이라서 서비스직이나 실내에서 일하는 분들 혹은 학생 분들에게까지 두루두루 잘 어울릴 것 같습니다.,Floris London White Rose
플로리스 런던 넘버 007,이 향은 가을 겨울에 특히 잘 어울릴 것 같아요! 마치 제임스 본드가 블랙이나 딥한 브라운 컬러의 수트를 딱 입고 있는 모습을 연상케 하는 향이에요. 그만큼 분위기 있고 강인한 매력을 가진 사람에게 잘 어울릴 것 같습니다. 전체적으로 샌달우드 향이랑 엠버 향이 많이 나는 엠버 우디 계열의 향인데요. 향이 약간 이국적인 장소들의 장엄한 느낌을 자아냅니다. 비밀스러운 관능미가 있는 젠틀맨 혹은 분위기 있고 이국적인 향을 좋아하는 여자분들께 추천드려요.,Floris London Number 007
플로리스 런던 부케 드 라렌,정말 정석적인 예쁜 부케 향이예요. 촉촉한 꽃들이 모여 있는듯한 물기 있는 플로럴 향이 지배적이고 달콤한 플로럴 향이 지배적이고 달콤한 과일향도 곁들어져 있어서 개인적으로 이 향이 왕실에서만 사용되는 달콤한 향의 샴푸나 바디 워시가 있다면 딱 이런 향이지 않을까라는 생각이 들게 하더라고요. 럭셔리하지만 어렵지 않게 쓸 수 있는 프루티 플로럴 향을 찾는 분들에게 추천을 하고 싶습니다.,Floris London Bouquet de la Reine
플로리스 런던 스페셜 넘버 127,확실히 중성적이고 신사적인 이미지가 있긴 한데 남자 스킨 냄새가 강하게 나는 스타일이 전혀 아니예요. 저한테 이 향은 앤티크하면서 고급스러운 분위기의 바버샵에서 사용하는 비누향처럼 느껴졌어요. 뿌리자마자 라벤더 향이 편안하게 느껴지고 너무 톡 쏘지 않은 시트러스 향이랑 네롤리 향도 꽤 느껴집니다. 중성적인 시트러스 허브향을 좋아하시는 분들이라면 추천합니다!,Floris London Special Number 127
플로리스 런던 릴리,은방울 꽃들이 막 만발해 있고 그 사이에 장미나 자스민 일랑일랑 이런 꽃들이 드물게 피어져 있는 모습이 떠올라요. 전체적으로 푸릇하고 신선한 식물의 달콤한 이슬이 어려 있는 이미지로 다가온 향수입니다.,Floris London Lily
플로리스 런던 세피로,개운하고 부담없는 스킨향이랑 시트러스향의 조합을 선호하셨던 분들에게 특히 추천드려요. 정말 지중해 안뜰에 앉아 있을 때 불러오는 산들바람 같은 향입니다.,Floris London Sephyro
조말론 잉글리시 페어 앤 프리지아,화이트 프리지아 부케 향에다 잘 익은 배의 향이 곁들여져서 지적인 이미지를 자아내는 향수예요.,Jo Malone English Pear & Freesia
조말론 우드 세이즈 앤 씨 솔트,소금기를 머금은 신선한 바다 공기에 세이지라는 허브향과 우디한 흙 내음이 어우러진 향이예요.,Jo Malone Wood Sage & Sea Salt
조말론 라임 바질 앤 만다린,톡 쏘는 라임 향에 약간 이국적인 바질향 그리고 깨끗한 백리향이 더해져서 아주 독보적인 시트러스 향을 완성한 향수죠.,Jo Malone Lime Basil & Mandarin
조말론 넥타린 블로썸 앤 허니,아카시아 꿀에 천도 복숭아가 푹 빠진 듯한 달달한 향기입니다.,Jo Malone Nectarine Blossom & Honey
케이트 스페이드 뉴욕 케이트 스페이드 오드퍼퓸,"딸기가 터지는 그런 느낌인데, 생과일 딸기는 전혀 아니고 딸기 샴푸 같은 느낌이에요. 첫 향은 되게 과즙이 팡! 터지는 느낌인 데에 비해서 잔향은 잔잔하고 포근하게 마무리 돼요. 키크고 마른 사람이 연상되는 느낌이예요! 상큼 달달 귀여운, 기분 좋은 학생 분들 저격 향수 같아요.",Kate Spade New York Kate Spade Eau de Parfum
자라 체리스무디,이 체리스무디의 첫 향은 Tootsie Pop 체리맛 사탕을 응축한 것 같은 향입니다. 그리고 곧 이어서 검붉은 자두의 향과 달달한 바닐라향 그리고 약간의 아몬드 향도 함께 어우러집니다. 근데 좀 더 시간이 지나면 체리스무디에서 꿀 향이 많이 나요.,Zara Cherry Smoothie
산타마리아노벨라 친칸타,"가벼운 메론향과 함께 맑은 물 위에 띄어져있는 흰 꽃들이 연상 돼요. 생과일의 향보다는, 멜론이 들어간 오이 비누 향에 좀 더 가까워요. 물 향이 많이 들어간 과일 향이 나요. 그러면서도 비누가 생각날 정도로 부드러운 질감도 공존합니다. 소프트하면서도 상쾌하죠. 향을 맡았을 때 느껴지는 이미지는 생긴건 부드럽고 순둥순둥한데 성격은 생기있고 에너제틱한 취미를 가지고 있는 사람이 떠올랐어요! 비누처럼 깨끗한 향이 은은하게 풍기는 사람이 생각나기도 하고요.",Santa Maria Novella Chincanta
불리 콩콩브르,"이 콩콩브르는 인공적이지 않은 메론향이라고 할 수 있습니다. 오이랑 메론을 넣은 연두빛 투명한 물 혹은 멜론이랑 오이, 막 각종 허브들로 만든 냉채 느낌의 향기입니다. 오이나 메론 같은 과일과 채소의 원물의 향을 직관적으로 구현하고자 한 느낌이죠. 은은하고 가벼운 향수예요.",Buly 1803 Congo Brousse
SW 19 6AM,"안개 낀 새벽의 영국 숲을 연상시키는 향기로, 좀 어둑어둑하고 안개가 자욱해서 약간 축축한 공기가 감도는 숲에서 날법한 잔디와 나무, 이끼 냄새가 한데 어우러졌습니다. 고요하고 톤이 낮은 그리너리한 느낌이 있어요. 저는 오히려 쑥냄새가 더 느껴진달까요? 그래서 오히려 동양적인 무드로 느껴지기도 합니다. 사람으로 따지자면 약간 말수도 적고 화려한 외모를 가지지 않았지만, 자기만의 신비로운 매력이 있는 사람의 느낌이예요. 옷도 베이직하게 잘 입는 사람이 될 수 있을 것 같은 느낌의 향입니다.",SW 19 6AM
아로 니티 허그,"새하얀 눈 속에서 니트를 두르고 있는 느낌이 연상돼요. 처음에 이 향을 딱 두르면, 볕에 빳빳하게 잘 마른 빨래에서 날 법한 알데하이드 향이 나고, 겨울 바람처럼 약간 시린 느낌이 같이 나요. 그리고 곧이어서 두툼한 니트처럼 포근한 코튼 향과 화이트 마스크 향이 함께 납니다. 첫향에 시린 느낌이 있고 잔향으로 가서 포근해진다느 느낌을 받았어요. 이 향수는 오히려 추운 계절에도 칙칙해지지 않는, 검은 색 롱패딩보다는 흰 색 복슬복슬한 니트 소재 옷을 입을 것 같은 사람이 뿌릴 것 같은 향 같다고 느껴졌어요. 외모도 성격도 편안한 사람이 떠오릅니다.",Aro Niti Hug
나르시소 로드리게즈 퓨어머스크,"꽤 중성적인 향입니다. 비누향 같은데 방금 빤 옷을 입은 그 뽀송한 냄새도 나오고, 그 단정한 느낌 깨끗한 냄새도 나오고, 그 다정하고 포근한 이미지 가진 사람이 뿌리면 딱 좋다고 생각을 했어요. 예를 들면 교회 오빠, 전교 회장, 그래서 많은 이들에게 친절한, MBTI로 따지면 엔프제 같은 느낌? 부드럽고 살냄새 같은 머스크향이 나요.",Narciso Rodriguez Pure Musk
메종 마르지엘라 레플리카 재즈클럽,정말로 내가 어느 분위기 있는 째즈바에 와 있는 느낌이 듭니다. 약간은 습하고 어두컴컴한 지하 재즈바에 들어간 다음에 약간은 끈적이고 낡은 원목 테이블에 앉아서 술을 마실 때 날 것 같은 냄새로 느껴집니다. 역하지 않은 위스키 냄새랑 달달한 초콜렛 및 바닐라 향기가 많이 느껴져요.,Maison Margiela Replica Jazz Club
메종 마르지엘라 레플리카 선데이 모닝,"이 향수는 일요일 아침에 이불 속에서 게으름을 피우고 있는 여가 시간을 표현한 향입니다. 깨끗한 빨래 향으로도 잘 알려져 있는데요, 느낌은 하우스 키퍼가 이제 막 다녀가서 방금 새 것으로 교체된 호텔 침구 냄새 입니다. 화학 성분이 들어간 세제를 사용해서 아주 청결하고 완벽하게 관리한 호텔 이불을 덮었을 때 날 것 같은 냄새요. 전반적으로 빳빳한 머스크 향과 핑크색 섬유유연제 향이 함께 나는 향수예요.",Maison Margiela Replica Sunday Morning
디에스앤더가 카우보이 그라스,"MBTI의 ENTP 같이 자유분방하면서 자기 주장이 확고한 사람을 떠올리게 하는 향수인 것 같아요. 서부 영화에 나오는 모래바람이 불고 건초가 굴러가는 풍경이 그려지는 향이예요. 풀과 곡식 등을 넣어둔 우드 마구간 같은 느낌도 들고요. 스킨향이 살짝 나서 시원해 보이기도 하고, 카우보이들처럼 개척자의 느낌이 있는 것 같아요. 자기가 원하는 것이 있으면 훅 떠나 버릴 것 같은 느낌의 사람이 잘 어울릴 것 같습니다.",DS & Durga Cowboy Grass
메종크리벨리 브와 닷챠이,"산속에서 야생베리를 수확하면서 스파이시하고 스모키한 홍차를 마시는 순간, 깊은 산 속에서 타닥타닥 나뭇잎을 태우고 있을 때 날 법한 스모키한 우디향이랑 차이티 향이 뿌리자마자 납니다. 그리고 블랙베리의 향도 은근하게 나는데요. 야생 블랙베리를 수확하고 있는 기분이 드는 자연적이고 많이 달지 않은 그런 베리 향이 살짝 섞였습니다. 숲속의 평화로운 모습이 너무 잘 표현이 됐습니다.",Maison Crivelli Bois d'atchai
바이레도 인플로레센스,냄새를 맡자마자 엄청 큰 꽃다발을 이렇게 코에 갖다 대는 듯한 부드러운 냄새가 들었거든요. 느낌이 들판을 걷다가 눈에 보이는 꽃들을 다 뽑고 풀도 뽑고 해서 정말 큰 바구니에 담았을 때 그 큰 꽃바구니에서 날 것 같은 냄새로 느껴집니다. 꽃잎의 보들보들한 촉감이 연상될 정도로 정말 생생하고 강력한 생화 향으로 다가와요. 누가 내 얼굴에 꽃을 막 던지는 것 같은 느낌? 식물의 줄기같이 물기를 머금은 듯한 풀 비린내도 함께 납니다. 여기 이 풀 비린내에서 약간 달짝지근한 파우더리함 같은 것도 섞여있더라구요. 물론 이 제품의 향 자체는 아주 은은하고 신선한 향이에요. 진짜 꽃 향기가 그리울 때 생각날 것 같은 향입니다.,Byredo Inflorescence
조말론 레드 로즈,붉은 생장미에 코 박으면 날 것 같은 향입니다. 장미 꽃잎과 싱싱한 풀 줄기 향만 나더라구요. 다른 것들 섞이지 않은 정직하고 깔끔한 생장미 향이고 생화 특유의 쎄하고 꼬릿한 냄새까지 나는 정직하고 깔끔한 느낌의 생장미 향입니다. 전체적으로 어렵지 않고 자연적인 형이고요 가장 생장미 향을 잘 구현한 향수라고 생각합니다.,Jo Malone Red Roses
딥티크 오로즈 오드퍼퓸,장미향에 달달한 리치 냄새와 정원같은 푸릇푸릇한 그리너리함 그리고 캐모마일 향도 함께 납니다.,Diptyque Eau Rose Eau de Parfum
프레드릭 말 윈 로즈,풍성하고 고혹적인 생화 향이 납니다. 뿌리째 뽑혀진 완전한 장미를 한가득 모아둔 듯한 씁쓸한 풀과 흙이 섞인 장미향입니다. 확실히 고급스러운 향이긴 하지만 이게 쿰쿰한 와인에 절여진 장미향으로 느껴질 때가 있어서 가끔 생화보다는 비싼 향수 향 같기도 해요.,Frédéric Malle Une Rose
산타마리아노벨라 로사가데니아,핑크빛 장미 꽃잎의 꽃잎만을 따서 만든 뽀얀 질감의 달달한 장미 우유 같은 향인데요. 종종 이 향을 바나나 킥 냄새를 느끼시는 분들도 있더라고요.,Santa Maria Novella Rosa Gardenia
러쉬 로즈 잼,흑설탕이 보글보글 끓고 있는 냄비에 장미들을 넣고 타기 직전까지 졸이면 날 것 같은 향입니다. 그리고 저는 거기에 약간 찐 고구마처럼 고소한 냄새도 살짝 나더라구요. 전체적으로 러쉬스러움이 묻어있는 달달한 장미향이라고 느꼈습니다.,Lush Rose Jam
메종 프란시스 커정 아라 로즈,깨끗하게 씻고 촉촉하게 스킨케어까지 마친 사람이 장미를 만지작만지작 하고 있을 때 날 것 같은 냄새를 느껴집니다. 되게 투명하고 맑은 느낌의 향인데 어딘가 모르게 따스함과 포근함이 더 있어요. 독특하진 않지만 대체불가한 장미향이라고 생각합니다.,Maison Francis Kurkdjian À la rose
구딸 파리 로즈 폼퐁,스파클링 로제 샴페인 같은 향으로 시작했다가 달달한 라즈베리 주스가 섞인듯한 장미 향으로 이어지고 차분한 머스크 향으로 마무리 됩니다. 영한 바이브와 우아함이 공존하는 장미향이 들며 추천합니다.,Goutal Paris Rose Pompon
아쿠아 디 파르마 로사 노빌레,물에 담가놓은 장미 몇 송이의 장미 꽃잎 만 떼다가 향수로 만든 느낌이에요. 장미의 줄기 라던가 입 같은 건 잘 안들어가고 꽃잎만 들어간 인공적이지 않은 장미 향수 같아요.,Acqua di Parma Rosa Nobile
펜할리곤스 루나,"상큼한 레몬과 오렌지향으로 시작해서 시원한 생장미향과 은은한 자스민 꽃향기, 씁쓸하면서도 신선한 풀향기로 이어지는 향수입니다. 신비롭고 샤랄라하면서도 은근히 중성적인 뉘앙스도 있어요.",Penhaligon's Luna
딥티크 롬브르단로,가시 돋친 야생 장미와 거친 풀잎을 통째로 으깬 뒤에 진득하고 달달한 블랙커런트를 뿌린듯한 향입니다. 장미향기가 지배적이라기보다는 토마토 꼭지 냄새같은 풀향이 더 많이 나는 편이고 축축한 느낌도 있어서 비오는 날 뿌리는 향수로도 유명합니다. ,Diptyque L'Ombre Dans L'Eau
바이레도 로즈오브노맨즈랜드,메디컬한 냄새가 섞인 장미향이 납니다. 병원이나 치과에 가면 나는 소독제 냄새가 살짝 섞인 서늘한 장미향이나 난해하진 않다고 느꼈어요. 과하지 않은 베리의 달콤함과 시크함이 있는 장미향을 연상하게 합니다. ,Byredo Rose of No Man's Land
TWW 오마주,고혹적인 장미들과 나무들이 어우러진 숲에 들어간듯한 향에다가 클래식한 레더 향이 어우러진 향이에요.,TWW Homage
킬리안 문라이트 인 헤븐,"달콤한 망고향이랑 부드러운 코코넛 향이 어우러진 중성적인 과일향이거든요. 친구들이 이거를 딱 맡더니, '어 과일향인데 되게 고급지다 나 달달한 향 안 좋아하는데 이거 엄청 좋다' 이런 얘기를 하더라고요. 막연히 뭔가 드럭스토어에 파는 되게 흔하고 뻔한 핑크빛 향수 냄새가 나지 않아서 되게 재밌는 향수예요. 그리고 망고향 향수라는 거 자체가 흔치 않기도 하고 또 이 망고향을 정말 부내나게 잘 표현한 향수이기 때문에 주변 사람들에게 좋은 호드백을 받지 않았나 싶습니다.",Kilian Moonlight in Heaven
르라보 상탈 33,포근한 샌달우드 향해 촉촉한 비냄새에 가죽 냄새가 곁들여진 향수예요.,Le Labo Santal 33
르라보 베르가못 22,"자몽이나 오렌지, 레몬 같은 상큼한 과일이 열려 있는 나무가 가득한 곳에 간듯한 기분이 드는 시트러스 프레시 계열의 향입니다.",Le Labo Bergamot 22
르라보 어나더 13,유니크하면서도 뇌쇄적이면서도 세심한 이미지의 향이죠.,Le Labo Another 13
르라보 로즈 31,로즈는 남성성/여성성의 경계를 뛰어넘는 스파이시한 우디향이 섞인 장미향이예요. 이거 되게 신비롭고 매력있어서 맡아보시길 추천드릴게요.,Le Labo Rose 31
르라보 떼 누아 29,"시트러스를 비롯해서 무화과, 월계수잎 등의 밝은 느낌이 있으면서 시더우드, 베티버, 머스크 등의 다크한 이미지도 공존하고 있는 향입니다. 그러면서 산뜻한 블랙티향이 나면서도 쌉사래하고 중독적인 담뱃잎 향도 같이 나서 이 향도 진짜 인기 많은 향수죠.",Le Labo Thé Noir 29
퍼퓸드말리 매스큘린 헤롯,위스키 냄새랑 시가 냄새랑 달달한 메이플 시럽 향기가 만나서 달콤 씁쓸한 향기를 자아내요.,Parfums de Marly Masculine Herod
퍼퓸드말리 매스큘린 레이튼,톡 쏘면서도 상쾌한 향인데 성공한 남자를 떠올리게 하는 향입니다.,Parfums de Marly Masculine Layton
퍼퓸드말리 매스큘린 페가수스,"물기있는 플로럴 향에 바닐라, 엠버, 아몬드의 부드러우면서도 알싸한 향이 섞인듯한 느낌이 나요.",Parfums de Marly Masculine Pegasus
퍼퓸드말리 매스큘린 퍼시벌,"프레시한 스킨향에 아로마틱 시트러스, 라벤더 향이 섞인 향입니다.",Parfums de Marly Masculine Percival
아쿠아 디 파르마 미르토 디 파나레아,친환경 허브로 만든 비누로 깨끗하게 샤워하고 나온 듯한 향입니다.,Acqua di Parma Mirto di Panarea
아쿠아 디 파르마 피코 디 아말피,지중해의 푸른 바다 옆에서 자라난 무화과 나무의 향기입니다.,Acqua di Parma Fico di Amalfi
아쿠아 디 파르마 아란치아 디 카프리,잘 익은 귤을 까고 있는 듯한 느낌이 드는 향기입니다.,Acqua di Parma Arancia di Capri
퍼퓸드말리 페미닌 델리나,완전 공주님 향 같아요. 풍성한 핑크빛 꽃다발에다가 달달한 리치 과즙을 뿌린듯한 향기입니다.,Parfums de Marly Feminine Delina
메모 파리 프렌치 레더,부드러운 스웨이드로 감싼 장미꽃 향기입니다.,Memo Paris French Leather
메모 파리 마르파,튜베로즈의 볼륨있는 화이트 플로럴 향과 바닐라 향이 만나서 몽환적인 이미지를 만들어주는 향입니다.,Memo Paris Marfa
메모 파리 아이리시 레더,"마치 푸른 초원을 달리는 야생마가 떠오르는 향이예요. 생기있는 그리너리함과 마테차향, 그리고 이국적인 레더향이 어우러진 향수입니다.",Memo Paris Irish Leather
메모 파리 아프리칸 레더,아프리카의 화려하고 존재감이 뚜렷한 향신료와 그윽한 우디향이 만난 레더 향기입니다.,Memo Paris African Leather
엑스니힐로 상탈 콜링,나무 둥치에 앉아서 우유를 섞은 식물 차를 마시는 듯한 기분이 드는 너무 편안한 우디향입니다.,Ex Nihilo Santal Calling
엑스니힐로 시티즌X,고급스러운 호텔 옥상에서 드레스업하고 있을 때 뿌리고 싶은 씁쓸하면서도 포근한 파우더리한 향입니다.,Ex Nihilo Citizen X
엑스니힐로 더 헤도니스트,개척되지 않은 땅을 모험하는 기분이 드는 풀과 우디 그리고 머스크향이 한데 어우러집니다.,Ex Nihilo The Hedonist
엑스니힐로 골드 이모탈스,달콤한 엠버향이 섞인 플로럴향이라서 뿌리는 것만으로도 당 충전되는 기분이 물씬 듭니다.,Ex Nihilo Gold Immortals
엑스니힐로 아웃캐스트 블루,대담한 이미지를 연출하기 좋은 토바코와 스파이시한 향기가 어우러진 노트입니다.,Ex Nihilo Outcast Blue
엑스니힐로 플뢰르 나르코티끄,수줍으면서도 관능적인 꽃향기를 원한다면 아주 제격인 향수입니다.,Ex Nihilo Fleur Narcotique
엑스니힐로 아이리스 포르셀라나,몽글몽글한 머스크 향과 우아한 아이리스 꽃향기가 어우러진 향기입니다.,Ex Nihilo Iris Porcelana
엑스니힐로 러스트 인 파라다이스,입문자들도 즐길 수 있는 대중적이고 예쁜 프루티 플로럴 향이다.,Ex Nihilo Rust in Paradise
엑스니힐로 콜론 352,깔끔하고 개운한 스킨향을 부담스럽지 않게 표현한 산뜻한 향입니다.,Ex Nihilo Cologne 352
엑스니힐로 엑스플리시트,꽃다발을 달달한 초콜릿에 푹 찍은 것 같은 향에 은은한 샌달우드가 섞여 기분 좋은 향입니다.,Ex Nihilo Explicit
빌리 아일리시 향수 아이리시 넘버 2,"이 향수는 다크하고 묵직한 우디향으로 다가왔어요. 향이 느껴지기에, 동남아에 놀러갔을 때 우기에 가서 어둑한 분위기 속에서 마사지를 받으려고 차분하고 럭셔리한 스파에 가서 향긋한 나무냄새와 아로마 냄새 맡으며 대기하고 있는데 옆에서 직원이 팔로산토를 태우고 있어서 한층 더 마음이 릴렉싱 되는 상황이 연출되는 느낌이었습니다. 묵직한 우디의 중성적인 향이 느껴지며, 블랙 페퍼와 매혹적인 양귀비꽃, 사과꽃 향기가 나는데요. 인센스와 파피루스 향이 이국적인 무드로 피어납니다. 발리가 떠오르는데 해변 말고 요가하고 명상하는 숲 지역, 스파 샵의 느낌에 더 어우러진다고 생각해요. 스모키한 우디 향이 중후하게 퍼지고 에보니 스킨 머스크 향까지 더해져서 전체적으로 대담하고 깊은 향을 완성시켜 줍니다. 향이 되게 트렌디 해요.",Billie Eilish Eilish No. 2
알보우 몬순,"이 향수는 새벽의 이슬이 맺힌 산책로의 향을 표현한 향수입니다. 이슬이 많이 맺혀 있는 꽃밭을 걷고 있는 듯한 느낌을 연상케 하는 향이에요. 올망졸망 피어 있는 여러 가지 꽃들의 향기와 촉촉한 물기가 있고, 달콤한 과일향이 납니다. 어스름하고 안개낀 아침의 느낌보다는 밝고 맑고 달콤하고 선명한 꽃 향기가 납니다. 처음 뿌렸을 때는 물기 많은 과일의 스윗함이 확 퍼지며, 은방울꽃, 자스민, 프리지아 같은 깨끗한 하얀색 꽃 향기들이 풍부하게 납니다. 작은 식물들과 풀들의 향도 언뜻나는 것 같아요.",Albow Monsoon
클린 리저브 레인,"비가 그친 숲속에 차분하고 잔잔한 향을 묘사하고 있어요. 상큼한 시트러스 향으로 시작해서 워터리한 풀향과 꽃향으로 이어지는데, 숲속에서 비를 맞고 나서 오이비누나 물비누로 샤워를 하고 있을 때 날 것 같은 향입니다. 깨끗하고 아쿠아틱한 향에다 약간의 숲과 비의 바이브를 첨가한 느낌이에요. 깔끔하고 캐주얼하고 중성적이어서 헐렁한 티셔츠에 모자 쓰고 별로 안 꾸몄을 때도 잘 어울리는 향입니다.",Clean Reserve Rain
센녹 애프터 베스,"이 향은 첫 향에서는 약간 쨍한 시트러스-허브향이 있지만, 방금 씻고 나온 히노키 탕에서 나는 비누 수증기 향이에요. 마치 안개처럼 아련하게 슬쩍슬쩍 느껴지는 순수한 향입니다.",Senok After Bath
27 87 제네틱 블리스,"살 냄새가 나면서 중성적인 우디향이 이렇게 싹 깔려져 있거든요. 머스키함, 앰버리함, 약간의 파우더리함, 약간의 부드러운 텍스처가 공존하는게 느껴져요. 약간 투명한 느낌이 있어요. 되게 미니멀한데 되게 폭발적이에요. 이 대조적인 느낌이 같이 공존을 하고 있다는게 이 향수의 개성이라고 말할 수 있는 부분이라고 생각이 듭니다.",27 87 Genetic Bliss
올팩티브 스튜디오 오토 포트레이트,"고요하고 정막한 가운데 내가 홀로 있는듯한 느낌을 딱 받을 수 있는 그런 비주얼이 있는데, 내 내면에 좀 집중해 보는듯한 그런 분위기를 연출하고 있다고 생각이 들었어요. 이 향을 딱 맡았을 때 그때 경험이 딱 떠오르면서 내가 조금 정화되는듯한 느낌이 들더라고요. 동이 트는 무렵, 이제 막 해가 지려고 하는 무렵에 산이나 숲에서 요가를 하는데 그때 피는 인센스 향이나 자연 속의 나무 향도 나는 것 같아요. 약간 어둑어둑하지만 칙칙하지는 않은 바이브가 연출되는데 심장이 편안하게 가라앉는 느낌입니다. 향기가 참 고요해요.",Olfactory Studio Autoportrait
올팩티브 스튜디오 플래시백,"신선한 루바브로 만든 에이드 느낌이에요. 그 에이드에 막 상큼한 시트러스 과일도 넣고 뭔가 초록초록한 식물이나 허브 같은 것도 총총 넣어 가지고 자연식으로 만든 에이드가 있다면 요런 향일 것 같은데, 약간 깨끗한 바이브가 있어요. 이 향이 내 몸에 났으면 좋겠다고 생각되는 향이예요. 맨 처음 맡았을 때는 되게 프루티하고 느꼈었어요. 향이 되게 조용하고 편안한 느낌이예요. 내 시그니처 향으로 삼기에도 적절한 웨어러블한 데일리 향수가 되기에 적합해 보여요!",Olfactory Studio Flashback
밀러 에 베르토 멘타 이 멘타,"햇살 좋은 오후에 예쁜 브런치 가게에 갔어, 민트티를 한 잔 주문했는데 민트 티가 엄청 뜨겁지도 않고 살짝 시원한 그 정도의 느낌이에요. 되게 따사로운 햇살을 받은 민트 같은 느낌이에요. 민트향에 커피향이 같이 블랜딩이 됐고, 추가적으로 자스민 향 어 그니까 좀 따뜻한 기운을 줄 수 있는 그런 노트들이 민트와 함께 블렌딩이 돼 있다 보니까 향 자체에도 굉장히 독보적이고 독특하고 그러면서 민트향 향수 중에서도 혼자만 좀 결이 다른 다정하고 온화한 민트 향이야라고 답변 할 수 있지 않을까 생각이 듭니다.",Miller et Bertaux Menta I Menta
로진느 로즈 그리오트,체리향이 새침한데 착한 느낌의 체리 향이에요. 향수 안 뿌린 척 하기 너무 좋은 향인 것 같아요. 특히 방금 씻고 온 것 같다는 호드백을 많이 들었어요. 누구나 아는 좋은 향은 아닌데 정말 좋은 느낌이에요. 기존에 우리가 알던 체리 향들과 달리 조금 더 가볍고 조금 더 새콤한 느낌의 체리를 느낄 수가 있고요. 평소에 프루티를 안 좋아하시는 분들이라도 약간 호감을 가질 수 있을 정도로 되게 깨끗하고 마일드하게 전개가 되는 향이라고 생각이 듭니다.,Rosine Rose Griotte
바이레도 믹스드 이모션,"이 향수를 뿌리고 딱 처음 든 생각은 되게 쓰고 매캐한 하고 깨끗하지 않고 험한 향이거든요. 향수 자체가 쉽지 않은 향이기도하고, 종이에 불이 붙는 냄새가 나요. 좁은 방 안에서 기계가 오래 가동해서 나는 냄새 같기도 해요. 호불호가 좀 갈릴 것 같아요. 불타는 종이 냄새 사이에 달콤한 과일향이 느껴졌어요. 되게 잘 익은 베리 냄새같이 느껴졌어요. 잿더미 사이의 탐스러운 베리가 떠오르는 느낌?",Byredo Mixed Emotions
자라 조말론 보헤미안 블루벨,"알싸하면서도 신선한 허브 향이 확 나요. 아주 화한 허브향이 확 퍼지는데요, 화한 허브향이라고 생각될 만큼 강력하고도 농축된 라벤더 향이 납니다. 꿀물 냄새도 같이 느껴집니다. 향수를 뿌리 직후에는 허브 향이 좀 강하게 느껴지는데 뿌리고 나서 시간이 지나면 달달한 향이 더 많이 강하게 느껴지더라구요. 사실 약간.. 호랑이 연고 냄새 같기도 해요.",Zara Jo Malone Bohemian Bluebell
자라 조말론 플뢰르 드 패츌리,가볍고 맑은 느낌의 패츌리 향입니다. 예쁜 핑크빛이 연상되는 달달한 꽃향기랑 시원한 스킨향이 느껴졌고요 백화점 1층냄새도 느껴졌어요. 전반적으로 아주 무난하고 고상한 플로럴 향이긴 한데 엄청 끌리진 않았어요. 여기저기서 맡아본 적이 있는 듯한 향이었어요.,Zara Jo Malone Fleur de Patchouli
자라 조말론 워터 릴리 티 드레스,아주 깨끗한 시트러스와 물을 머금은듯한 꽃향기가 함께 느껴지는 싱그러운 향이에요. 근데 이 시트러스향이 다소 레몬향 손소독제 같은 냄새가 나긴 해요. 꽃향기가 아주 워터리 합니다. 그래서인지 풀 비린내도 같이 느껴졌어요. 무난하고 대중적인 것 같습니다. 계곡 바로 옆에 있는 잔디밭에 앉아서 들꽃을 바라보고 있는듯한 향처럼 느껴졌습니다.,Zara Jo Malone Waterlily Tea Dress
자라 조말론 아말피 선레이,귤껍질을 처음에 땄을 때 나는 향기입니다. 군더더기 없이 시원하고 상큼한 귤 혹은 오렌지 그 자체의 향기예요. 사실 이게 좀 단순한 향이긴 합니다만 인위적인 느낌이 없고 매우 가볍기 때문에 여름에 사용하면 너무 잘 어울릴것 같은 향수 라는 생각이 들었어요. ,Zara Jo Malone Amalfi Sunray
자라 조말론 에보니 우드,원목 테이블에 쌍화차 조금과 바닐라 라떼 한 컵을 쏟고 스며든 냄새가 나요. 끈적한 달달함이 지배적인 우디향이라고 보시면 될 것 같습니다.,Zara Jo Malone Ebony Wood
자라 조말론 튜베로즈 느와,약간 스모키하면서도 화이트 플라워 특유의 꾸리꾸리함이 느껴졌어요. 편안하고 단정한 튜베로즈 향입니다.,Zara Jo Malone Tuberose Noir
자라 조말론 베티버 팜플무스,아이스크림 생귤탱귤 향이예요! 엄청 상큼하고 시원한 오렌지 향에다가 톡 쏘는 자몽향도 살짝 섞인 듯한 향이에요. 오렌지맛 아이스크림이나 자몽향 탄산음료가 떠오르는 깨발랄한 시트러스 향입니다. 더위와 불쾌감을 날려줄 것 같은 상큼한 향이예요!,Zara Jo Malone Vetiver Pampelune
자라 조말론 플레르 도랑제,저는 이 향을 오렌지 추출물과 흰꽃으로 만든 비누에서 날법한 향이라고 생각이 들어요.,Zara Jo Malone Fleur d'Oranger
이솝 에레미아,자연적인 정원이 떠오르는 향이었습니다. 가드닝을 하다가 실수로 흙이랑 풀을 먹은 듯한 기분이 드는 향이에요. 뿌리 식물이나 씁쓸한 나물 같은 것을 생으로 먹었을 때 나는 알싸함과 흙냄새가 많이 납니다. 그리고 거기에 약간의 자몽과 유자가 더해져서 상큼함이 살짝 숨어 있어요.,Aesop Eremia
이솝 미라세티,"처음에는 약초 더미가 떠오르는 스파이시한 향이 확 나고 짭조름한 바다의 짠내가 함께 느껴집니다. 돌과 바위가 많은 장엄한 바다의 분위기입니다. 오크통 안에서 숙성되고 있는 위스키 향이 나는데, 술냄새 보다는 우디 향이 더 많이 나요. 낯선 나라에 바닷가를 걷다가 오래된 술 저장고를 발견했다고 상상해보세요. 위스키가 들어있던 낡은 오크통에는 소금기가 베여있고 어둑한 공간 너머 불 피우는듯한 향기였습니다. 전반적으로 바다내음이 분명히 느껴졌습니다. 비릿한 느낌을 별로 없지만 스모키한 향 덕분에 고소한 느낌의 스파이시 우디 향이라고 느껴집니다. 저는 영화 라이프 오브 파이가 생각 났는데요, 끝없이 펼쳐진 수평선을 고독하게 탐험하는 신비로운 이미지가 느껴지는 향수랍니다.",Aesop Miraceti
이솝 카르스트,"청량한 물 향이 나는 향수입니다. 산 꼭대기의 깨끗한 호수가 떠오르는 향일까요. 로즈마리 등의 허브 향도 매력적입니다. 뿌리자마자 마린 향이 나기 때문에 첫 향이 남자향수처럼 느껴질 수도 있을 것 같습니다. 첫 향은 프레시 하지만, 잔향은 포근하고 소프트하게 마무리 됩니다.",Aesop Karst
이솝 마라케시,"중동의 어느 나라에 있는 형형색색 강렬한 색감으로 가득 찬 상점을 상상해 보세요. 중동 특유의 이국적인 향이 후각을 자극 할 것이고, 무질서한 듯 질서있게 진열된 쿰쿰한듯한 중동의 오브제들과 후각을 얼얼할 정도의 이국적인 향신료 향이 함께 나는 매혹적인 향입니다. 모로코의 향신료 시장에 온 듯한 매혹적인 향 같기도 합니다.",Aesop Marrakech
이솝 테싯,"처음에는 여러 가지 풀과 나무 꽃들이 뒤섞여 있는 자연의 냄새가 납니다. 사람이 잘 관리하고 있는 대형 온실에 들어온 듯한 향입니다. 유자의 톡쏘는 냄새도 나는데요, 이때 나는 유자 향은 우리가 흔히 먹는 달달한 유자차의 향과는 거리가 멀다고 느껴집니다. 바질 향이 많이 섞인, 푸릇푸릇하고 허브향에 가까운 유자향에 가깝죠. 시간이 더 지나면 차분한 나무 냄새만 남습니다. 첫향과 잔향이 드라마틱하게 다른 편입니다.",Aesop Tacit
이솝 휠,"'깊은 숲속의 향', '사찰의 나무향' 등으로 알려져 있는 향수입니다. 숲에는 나무 뿐만 아니라 풀이랑 꽃 이파리도 많아야 하지만, 다크한 나무 냄새와 흙냄새가 굉장히 지배적으로 느껴집니다. 편백나무로 만든 가구 냄새라고 하겠습니다. 다른 장르 향이 전혀 느껴지지 않고 나무 냄새에만 집중한 향수 같습니다.",Aesop Hwyl
이솝 로즈,장미가 메인인 향수인데 막상 맡아보면 우리가 일반적으로 알고 있는 장미 향을 잘 느껴지지 않고 우디 향이 더 지배적입니다. 이 향수는 마치 아로마 오일에 푹 절인 장미와 줄기를 나무로 된 용기에 오랫동안 담아놓은 듯한 향입니다. 잔향은 파우더리하기 때문에 부드러우면서도 강렬한 장미 향수입니다.,Aesop Rose
크리드 윈드플라워즈,"이 향수는 화사한 꽃향기가 나긴 하지만 샌달우드의 나무향도 꽤나 느껴지고, 과일향이 막 달달한 과즙향 이런 느낌이 아니라 약간 좀 샤프하게 톡 쏘는 느낌이라서요. 아무것도 모르는 순진한 공주야 이런 이미지로 다가오진 않습니다. 뿌린 직후부터 향이 없어질 때까지 자스민이나 튜베로즈, 오렌지블라썸 등의 화이트 플라워 향이 일관성 있게 쭉 이어지는 향수인데요, 거기에다가 약간 그 누가 캔디 같은 향이 섞였어요. 하얀 색깔 누가가 좀 엿같이 생겼어도 먹어보면 막 끈적이지 않고 되게 깔끔한 단맛이 있는 디저트잖아요. 윈드플라워스에서도 그런 누가의 향이 나는데 그 누가를 녹여가지고 거기에 핑크빛 꽃잎 추출물을 섞어서 스무스하게 문지르는듯한 모습이 연상되는 향이 납니다. 그리고 여기에 약간의 우디향과 톡 쏘는 느낌도 있어서 향이 느끼하지 않아요. 이 향수는 프레시한 플로럴 계열이에요. 촉촉함이랑 보송함이 공존하고 있는 꽃향기고요. 단정하긴 하지만, 약간의 포인트나 파스텔톤의 색감을 즐기는 스타일을 자주 입는 사람이 떠오릅니다. 사회적이고 모던한 이미지일 것 같아요. 항상 자신감있고 자기표현이 확실한 사람이 떠올라요. 여유롭고 안정적으로 향이 전개가 되고 여러 향조들이 막 이리저리 충돌하지 않고 유려하게 흘러간다는 점에서 올리비아 크리드가 의도했던 바람을 타고 움직이는 무용수의 움직임이라는 영감을 좀 후각적으로 잘 구현했다는 생각이 들어요.",Creed Wind Flowers
비디케이 312 생또노레,첫 향은 핑크 페퍼 안젤리카 루트가 톡톡 터지는듯한 느낌이에요. 이런 핑크페퍼 향이 자체 너무 스파이시 해서 향신료 냄새처럼 느껴질 수도 있어요. 달콤한 오렌지 블라섬 향이 들어오고 마치 오렌지 블라썸 꽃을 바닐라 파우더로 곱게 간 느낌이 납니다. 잔향은 트렌디한 무드의 우디 머스크향으로 남아요. 포근하게 깔리는 그런 머스키한 향이라고 생각하시면 될 것 같아요.,Bidikai 312 Saint Honoré
어비어스 뮈스끄,"머스키 플로럴 향으로, 정말 산뜻하고 부담없고 진입 장벽이 낮은 향수라고 생각해요. 이 향은 그냥 좋다가 연발될 수밖에 없고 깨끗하고 약간 공기 같기도 한 느낌이에요. 나는 살냄새가 있다면 딱 이런 향이지 않을까라는 생각이 들어요.",Abyss Musk - Parfums de Marly
비요크 앤 베리스 피얄쇠,처음에 뿌리면 메그놀리아 아던 워터릴리 같은 달콤한 꽃으로 만든 비누 향기가 나요. 스웨덴의 청정 1급수 물로 씻어낸 느낌이죠. 이 향은 깨끗한 물인데 물이 파란 하늘이 비쳐서 살짝 푸른 빛이 넘실거리는 호수 같은 느낌을 표현한 향이에요.,Biork and Beris Pialso - Byredo
도르세 에흐베,"장미 비누의 천상계 같은 향이에요. 장미 비누는 편안하고 익숙하고 살냄새 같다는 장점이 있지만, 이 향은 그 편안함과 안정감을 주되 약간의 생장미 바이브도 있어요. 생장미의 이슬도 촉촉하게 맺혀 있을 것 같고, 살짝의 흙내음과 우디 내음도 함께 느껴져요. 이 향은 사랑하는 연인과 미래를 그릴 때의 설렘을 표현한 향이에요.",Dorse Ehve - Dorse
도르세 지에르,"수선화 꽃을 중심으로 스파이시한 카바몬 향도 나고, 머스키 우디 향도 베이스에 깔려 있어요. 대담한 느낌이 들면서도 약간 절제된 멋스러운 향이라고 생각해요. 꽃다발 중에서도 나뭇가지와 장식된 그런 꽃다발의 느낌이 남녀에게 날법한 향기로 느껴져요.",Dorse Gier - Dorse
모스키노 토이 보이,"키치하고 달달한 바닐라 요런 게 날 줄 알았거든요. 뭐 진흙이 묻어 있는 것 같은 붉은 장미향이랑 톡 쏘는 스파이시 향이 어우러진 향기입니다. 레드 와인 같은 짙은 적색이 떠오르는 장미향이랑 톡 쏘는 냄새가 나는 갈색 향신료 냄새랑 약간의 새콤한 과일 향기 이런 게 되게 복합적으로 나거든요. 어쨌든 그 장미향의 막 눅눅한 진흙을 치덕치덕 바르고 흙 냄새가 나는 날린 과일이랑 나무 냄새가 나는 그런 느낌입니다. 전체적으로 다크하고 좀 분위기 있는 향인데요, 그렇다고 묵직하진 않습니다. 따스한 날씨에 써도 답답하지 않은 듯한 향기예요. 이렇게 우디 스파이시 기반의 플로럴 향을 투박하지 않게 표현한 향수는 대체로 비싼 니치 향수들인데, 가격대비 정말 잘 만들어진 향수라고 생각해요.",Moschino Toy Boy - Moschino
아뜰리에 코롱 러브 오스만투스,"귤의 향이 나고 약간 로디스러운 그런 냄새가 나는 향으로, 방에 퍼진 오렌지 마크 같은 느낌이 있어요. 시트러스 향과 약간의 플로럴 향이 더해져 독특하고 무난한 향으로 느껴집니다.",Atelier Cologne Love Osmanthus - Atelier Cologne
밀러 해리스 미리카 뮤즈,샴페인을 마시면서 딸기도 같이 집어 먹고 있는듯한 그런 기분이 들게 하는 향인 것 같아요.,Miller Harris Mirica Muse - Miller Harris
페일리 곤스 더 댄디,직관적이지만 독하지 않은 위스키 향이랑 멋스러운 우디향이 나는데 탑노트의 라즈베리 베르가못 요런 향조를 덕분에 너무 진지하게 막 분위기를 잡고 있는 느낌이 아니라 그냥 술 한 잔 들고 좋은 느낌?,Paeley Gons The Dandy - Paeley
메모 파리 로즈 파리 로즈,달달한 포도 향이랑 우디향이 섞인 레드 와인이 떠올랐어요. 저 향을 낭만적으로 표현하자면 파리의 예쁜 노상 카페에서 레드 와인을 마시고 있는 모습이 떠오르는 포도 향이라고 할 수 있겠습니다.,Memo Paris Rose Paris Rose - Memo Paris
크리드 버진 아일랜드 워터,톡 쏘는 라임 주스랑 코코넛 크림 말리부 럼 이런 거 넣어서 만든 피나콜라다 같은 향이에요. 근데 그 피나콜라다가 굉장히 고급진 그런 향입니다.,Creed Virgin Island Water - Creed
톰포드 비터 피치,키치하고 섹시한 술에 절여진 복숭아 향입니다.,Tom Ford Bitter Peach - Tom Ford
조보이 파빌리온 루즈,"럼과 위스키 타바코 향에 이끌린 해적의 향이라는 컨셉을 가진 향수인데, 진짜 딱 그 컨셉대로 뭔가 캐리비안의 해적에 나오는 잭스패로 같은 그런 이미지가 떠올라요. 정말 능수능란하고 어딘가 나사 빠져있는 것 같지만 그런 모습이 오히려 매력적이고 익살스럽고 섹시한 사람이 떠오르는 향입니다.",Jovoy Pavilion Rouge - Jovoy
만세라 로얄 바닐라,중동 부자틱한 느낌이 굉장히 많이 납니다. 담배값을 딱 열었을 때 느껴지는 그 특유의 향이랑 럼과 위스키 향 같은게 같이 나는 거 같아요.,Mancera Royal Vanilla - Mancera
부시 더블엑스 러브,"진한 잭콕에다가 달달한 체리 사탕을 가득 녹인 느낌이 들었어요. 되게 농도가 짙은 체리, 위스키 향에다가 약간의 플로럴 향이 더해졌거든요. 전반적으로 향이 강하면서도 키치한 느낌입니다. 키치한 스타일이나 자유로운 파티룩에 잘 어울릴 것 같아요.",Boucheron Double X Love - Boucheron
킬리안 롤링 인 러브,체리와 아몬드로 만든 밀크 캐라멜이 파우더리한 머스크를 만난 느낌.,Kilian Rolling in Love - Kilian
산타마리아노벨라 타바코 토스카나,타바코 향이 되게 고급스럽게 나오면서 많이 달지 않은 바닐라가 부드럽게 싹 감싸 주는 느낌입니다. 입문용 시가를 한 대 피우면서 좋은 집에서 쉬는 느낌을 자아내요.,Santa Maria Novella Tabacco Toscano - Santa Maria Novella
아르마니 뷰티 프리베 베르마라 키트,아주 화려하고 볼륨 있는 화이트 플라워 꽃다발에다가 바닐라빈을 듬뿍 넣은 바닐라크림을 싹 바른 느낌의 향이라고 할 수 있습니다.,Armani Beauty Privé Bergamote Kit - Armani
엑스니힐로 베스퍼 글리츠,"왠지 막 벨벳, 오간자 이런 소재의 옷 입고 드레스업 한껏 하고 막 반짝반짝하게 금빛으로 반짝이는 파리의 야경을 보면서 쾌활하게 걸어가고 있는 여자가 된듯한 그런 착각에 빠지게 해주는 향입니다.",Ex Nihilo Vesper Glitz - Ex Nihilo
크리드 카미나,블랙 체리랑 말린 장미 꽃잎 그리고 샤프란을 넣어서 바디 버터를 만든다면 딱 저런 향일 거 같아요. 그정도로 체리향은 분명히 나지만 그 체리가 산미는 거의 없고 달콤하기만 한 느낌이에요. 설탕이나 시럽에 절인 체리는 아닌 것 같은 느낌.,Creed Camina - Creed
나르시소 로드리게즈 머스크 느와르 로제,달달하게 절여진 자두 향에다가 고혹적인 꽃 향기 거기에 특유의 도시적인 머스크향이 곁들여진 향수 같습니다.,Narciso Rodriguez Musk Noir Rose - Narciso Rodriguez
로이비 피오니 앤 화이트 머스크,"몽글몽글한 비누 거품 같은 느낌도 있고, 깨끗한 섬유유연제를 물에 푼 것 같은 느낌도 있어요. 장미 샴푸향을 좋아하시는 분들도 마음에 들어 하실 만한 향이에요. 아주 맑은 화이트 머스크향이 곁들여져서 정말 우리나라 사람들이 딱 좋아할 스타일의 향입니다. 따뜻한 물로 목욕을 한 다음에 화이트 머스크 향에 부드러운 로션을 바르고 있을 때 날 것 같은 향긋한 살냄새 비누 냄새입니다. 순수한 느낌이면서 포근한 비누향을 원하신다면 정말 추천을 드려요.",Loewe Peony and White Musk
더 머천트 오브 베니스 마이펄,도브 비누가 되게 파우더리해진 버전의 향으로 느껴집니다. 굉장히 클래식한 느낌의 향이고 유행을 타지 않는 비누향이에요. 하얀색 도브 비누 냄새 30%에다가 포슬포슬한 베이비 파우더 향 30%에다가 니베아 크림 냄새 30%에다가 굉장히 부드럽고 달콤한 꽃향기 10%로 이루어진 향이라고 생각해요.,The Merchant of Venice My Pearl
샤넬 베쥬레 젝스클루시프 드 오 드 빠르펭,천연 꿀로 만든 향긋한 비누 같은 향이 나서 너무 좋더라고요. 전체적으로 복잡하지 않고 꿀 향기와 프랑지판이나 프리지아와 같은 꽃향기가 느껴집니다. 고전적이고 무게감이 있는 향이면서도 약간의 활기와 밝은 에너지를 불어 넣어주는 역할을 해주죠.,Chanel Beige Exclusive de Parfum
산타마리아노벨라 아이리스 오드 퍼퓸,살짝 칠이 벗겨진 흰색 벽에서 날 것 같은 향이었어요. 쌉싸름한 꽃 향기가 굉장히 희뿌연 환경에 쌓여 있는 내롤리 향과 섞여 시작합니다. 꽃비 모양이 슬며시 드러나고 마른 풀에 보라색 꽃을 넣어서 만든 것 같은 비누향이에요. 살짝 더스티하고 한풀 꺾인 꽃의 느낌입니다.,Santa Maria Novella Iris Eau de Parfum
조말론 히노키 앤 시더우드,삼림욕을 하다가 마주친 땅속 깊이 자리 잡은 오래된 편백 나무라는 컨셉의 향인데요. 히노끼 탕에 들어간듯한 릴랙싱 되는 우드향이 싹 퍼지면서 연필심 냄새 같은 시더우드 양도 곁들여 졌습니다. 그리고 뾰족뾰족한 사이프러스 나무가 가득가득한 곳에서 아로마향이 나는데 이 향이 정말 신선하다 못해 얼얼하게 아지 하거든요. 그래서 숲속 편백나무 사우나에서 수정과나 콜라를 마시는 기분이 들기도 해요. 그래서 이 향을 색으로 표현하자면 무조건 짙은 고동색과 짙은 녹색으로 이루어진 향이라고 생각을 했고요. 진한 우디향과 쿨한 풀 바람의 조화가 멋들어집니다.,Jo Malone Hinoki and Cedarwood
산타마리아노벨라 아쿠아,"이 향은 막 이태리의 아름다운 정원 한 가운데 있는 큰 대리석 분수에서 투명한 물을 뿌리고 있는 거예요. 분수대에는 연꽃과 프리지아가 떠 있습니다. 게다가 저 멀리 배나무가 있어서 스위트한 배향이 정원을 가득 채우는 느낌 딱 그런 무드에요. 요거를 처음에 뿌렸을 때 즙 많은 서양배 떠오르는 달콤한 프루티 향이 나고요, 바로 깨끗한 프리지아와 연꽃 향이 납니다. 수련이 이렇게 물기를 머금고 있는 보드라 꽃 향기다 보니까 여기에서도 워터리한 바이브가 많이 느껴지고요. 잔향에서 파우더리한 머스크향이 남습니다.",Santa Maria Novella Aqua
산타마리아노벨라 퀘르치아,딱 뿌리자마자 라벤더 향이 굉장히 농축된듯한 느낌으로 퍼집니다. 굉장히 농축된듯한 느낌으로 퍼집니다. 코가 뻥 뚫리는듯한 화 정도로 상쾌한 라벤더 향이 훅 들어오고요. 곧이어서 나무 흙 입사기 요런 느낌을 표방하는 향조이 무성하게 몰려와요. 패출리 베티버 오크우드 요런 향들이 단단하게 자리 잡고 있기 때문에 지금까지의 산타마리아 노벨라 향수들 그래는 흔치 않았던 푸제르 계열의 향수로 완성 됐습니다.,Santa Maria Novella Quercia
사브리나카펜터 스위트 투스,"문장으로 표현하자면 코코넛 마시멜로를 초코 퐁듀에 콕 찍어 먹는 느낌의 향입니다. 뿌리자마자 초콜릿 마시멜로우 향이 나고 점점 코코넛과 바닐라향, 그리고 설탕에 절린듯한 머스크향으로 이어지는 향수입니다. 딱 사브리나 같은 어리고 러블리하고 꾸미는 거 좋아하는 친구들이 디저트 먹으면서 장난치고 있는듯한 모습을 연상케 하는 향입니다.",Sabrina Carpenter Sweet Tooth
르라보 라다맘18,"겨울에 사용하기 너무 좋은 포근하고 아늑한 향이예요. 머스크 향을 좋아한다면 꼭 한번 맡아 볼 만한 향수인 것 같습니다. 이 향수가 딱 피부에 스며들면 정말 캐시미어처럼 부드럽고 따뜻하면서 어딘가 모르게 동물적인 잠재력까지 숨어있는듯한 그런 수수께끼 같은 매력이 느껴집니다. 처음 뿌렸을 때는 오래된 나무 상자에 시큼한 냄새가 나는 무언가가 들어있는듯한 모습이 연상되는 향이 났고, 계피 냄새도 확 나서 강하고 어려운 느낌이 들었습니다. 하지만 시간이 지나니까 첫 향과는 달리 향이 진짜 포근하고 좋아지는 거예요. 찬바람 불 때 묵직하고 포근한 머스크향이 나면 매향에 자아도취되는 느낌이 듭니다. 첫 향으로만 판단하면 안 되는 향수구나 생각이 들었습니다. 향수를 처음 뿌리고 나서 한 10분 정도 지나면 포슬포슬한 베이비 파우더 향이 솔솔 올라오고, 르라보 라다모의 파우더리함은 베이비 파우더 향이긴 하지만 마냥 애기애기 하기만 한 그런 스타일은 아닙니다. 뭔가 어둑어둑한 곳에서 인센스를 피우는듯한 오리엔탈한 향도 섞여 있고, 앤틱한 나무 냄새와 달달한 바닐라 파우더, 시나몬 가루를 뿌린 것 같은 다양한 원료가 섞여 있는 향입니다. 약간 꼬릿한 애니멀리한 향도 은근하게 느껴집니다. 달콤한 간식이 만들어지고 있는 아늑한 공간에서 도톰하고 따뜻한 옷 입고 강아지나 고양이 같은 반려동물을 쓰담쓰담 하면서 너무 편안한 시간을 보내고 있는듯한 그런 모습이 연상되는 향입니다. 벌키하고 무게감 있는 너무너무 잘 어울리는 향이고, 패딩에 어울리는 향입니다. 남녀 모두에게 잘 어울릴 중성적인 향이고, 가을 겨울에 너무너무 잘 어울리는 향이에요.",Le Labo Radamame 18
퍼퓸드말리 까실리,"러블리한 인간 복숭아를 만들어질 것 같은 향이에요. 뽀용한 피치빛의 화장한 컬러로 메이크업을 딱 하고 긍정적인 바이브를 마구 내 뿜는 사람이 떠오르는 향이라고 생각을 했습니다. 밀키한 복숭아가 떠올랐거든요. 복숭아 향조가 포함되어 있지 않아요. 달콤한 과일, 싱그러운 파스텔톤의 꽃, 그리고 부드러운 우디 바닐라 향이 맛있게 어우러져서 복숭아 요거트가 떠오르는 향수로 받아들여졌습니다. 사랑 가득 받고 자라서 구김살 없는 여자가 떠오르는 이미지예요.",Parfums de Marly Cassili
퍼퓸드말리 그린리,마치 쾌청한 봄날에 숲 속을 산책하는듯한 행복감을 선사해 주는 향입니다. 흐르는 물로 깨끗하게 세척한 청사과를 한가득 바구니에 넣고 피톤치드 가득한 숲속을 걷고 있다면 딱 이 향일 것 같아요. 잔향이 느껴지는 향이 좀 치유적인 느낌을 줍니다. 아주 청량하고 자연적인 향이기 때문에 SS 시즌에 정말 잘 어울리고요.,Parfums de Marly Greenley
퍼퓸드말리 레이튼,성숙하고 관능적인 이미지의 향이라고 할 수 있습니다. 전반적으로 알싸고 강렬한 향이기 때문에 이 향을 뿌리면 어디서든 자신의 존재감을 숨길 수 없을 것 같아요. 은근히 달콤하고 부드러운 느낌도 있거든요.,Parfums de Marly Layton
조말론 다크 엠버 앤 진저 릴리 코롱 인텐스,"중성적으로 쓰기 좋은 향인데, 이 향이 나는 여자는 레더나 부츠 같은 스타일일 것 같고, 목선이 예쁠 것 같아요. 그런 여자는 화장도 음영이 있는 느낌으로, 스무키 메이크업을 하고 부시시한 머리를 하고 있을 것 같아요. 향이 세지 않고, 파우더리한 느낌이 없어서 밸런스가 좋고, 인조적이지 않으면서 자연스러운 느낌이 드는 향입니다.",Jo Malone Dark Amber and Ginger Lily Cologne Intense
구딸 르 떵 데 헤브,"사람 뒤에 아우라를 만들어 주는 향이고, 몽글몽글한 느낌이 들어. 나비가 날아다니는 것 같은 느낌이 드는 향입니다.",Goutal Le Temps des Rêves
디에스앤더가 보우메이커스,평소에 엄청 트렌디하고 약간 퇴폐미 있는 분이 템플 스테이에 간 느낌이 들어요. 바지랑 상의랑 핏 조절을 기가 막히게 잘한 사람에게 굉장히 잘 어울릴 것 같아요. 새로운 향인데 내 캐릭터를 만들 수 있는 향입니다. 향태기를 없애 주는 향 같은 느낌이 드는 것 같아요.,DS & Durga Bowmakers
데메테르 키튼 퍼,"고양이 털 냄새가 나는 향수로, 고양이 털의 느낌을 매우 잘 표현하고 있어요. 뽀송뽀송한 하얀색이나 분홍색의 느낌이 떠오르고, 반려동물의 향기를 연상시켜요! 과거의 경험을 떠올리게 하는 독특한 향으로, 고양이를 봤을 때의 느낌이 느껴지기도 합니다.",Demeter Kitten Fur
에따 리브르 도랑쥬 위대한분비물,"이 향수는 인간의 본능적인 아드레날린을 형상화한 것이라고 하는데, 매우 복잡하고 실험적인 향을 지니고 있어요. 강렬하고 독특한 향으로, 약간의 역겨움이 느껴지기도 하며, '토할 때 맡았을 냄새'라는 표현으로 어떤 불쾌감을 전할 것 같아요... 신선한 마린 냄새가 느껴지기도 하지만, 그 속에 극단적인 강한 향이 섞여 있어 복잡한 느낌을 줍니다.",Etat Libre d'Orange Remarkable People
파누즈 파출리 피그,"특이한 향이 나며, 어떤 향수를 사용했을 때의 느낌을 떠올리게 한다. 약한 여름의 질 냄새가 나는 것 같고, 허브의 향이 느껴진다. 마치 병원에서 처방받은 것 같은 향이 나며, 불도 섞인 향이 느껴지기도 한다. 매우 이상하고 강렬한 향으로, 이런 향이 존재할 수 있을까 하는 의문을 자아냈습니다.",Panouze Patchouli Fig
엑스노힐로 베스퍼 글리츠,"빛나고 쾌활한 파리의 밤을 기념하는 향수입니다. 밝고 소프트한 향이에요. 사랑이 넘치는 밤의 향기를 표현한 것이구나라는 생각이 들었죠. 뿌린 직후에는 톡톡 튀는 핑크페퍼랑 상큼한 시트러스 향이 곁들여진 미모사 향기가 나요. 매혹적인 미모사 향이랑 자스민, 일랑일랑 등의 꽃 향기도 퍼집니다. 이때 옐로우 플라워 향들이 금빛으로 빛나는 파리의 밤을 연상케 하고요. 잔향에서의 소프트하고 따뜻한 바닐라, 머스크 통합인 향들이 파리라는 도시를 떠올렸을 때 생기는 그 로맨틱하고 몽글몽글한 감성을 표현하는 것 같았습니다.",Ex Nihilo Vesper Glitz
엑스노힐로 상탈 콜링,포근하고 자연적인 상타향의 샌달우드향이 중심이 되는 향수인데요. 전체적으로 뽀얀 우유랑 캐시미어가 싹 감싸고 있는듯한 느낌입니다. 아주 부드럽고 편안해요. 베이스 노트에 그 바닐라와 머스크향이 완전 살냄새처럼 자연스럽게 남아서 딱 지금 한국인들이 좋아할 스타일의 향수입니다.,Ex Nihilo Santal Calling
엑스노힐로 플뢰르 나르코티끄,"섬세한 작약꽃 향기로 느껴지는데, 때로는 만개한 꽃이랑 과즙이 넘쳐 흐르는 과일들이 가득한 그런 풍성한 프로틴 플로럴 향으로 느껴지기도 하는 향수입니다. 복숭아와 리치, 베르가모 등의 상큼한 과일향이랑 세련된 피오니 향이 어우러졌어요. 화사한 향기를 가지고 있기도 하죠.",Ex Nihilo Fleur Narcotique
엑스노힐로 콜론 352,딱 뿌리자마자 아주 새콤하고 깨끗한 레몬향이랑 주니퍼베리의 중성적인 허브향이 확 나서요. 아주 청량해요. 그리고 곧이어서 오렌지 블라썸이랑 가이아 구도 향 등이 어우러져서요. 화사한 봄에 파리 7일 정원을 거니는 산책에서 영감을 받은 향이에요.,Ex Nihilo Cologne 352
엑스노힐로 바이퍼 그린,"퇴폐적이고 호화로운 그린플라워라는 문장으로 표현되는 향수인데요. 뿌리자마자 초 고급스러운 풀향이 확 퍼져요. 풀밭이라던가 숲이 떠오르는 향인데 잔향으로 갈수록 좀 치명적인 느낌의 향으로 변합니다. 씁쓸하고 짜릿한 느낌이 있는 패출리랑 베티버향, 그리고 약간 어두운 바이브에 꽃향기가 섞인 향으로 마무리가 됩니다.",Ex Nihilo Viper Green
엑스노힐로 더 헤도니스트,"시크한 우디 향이에요. 살짝 톡 쏘는 진저 향이랑 베르가모 향, 그리고 아키갈라우드라는 스파이시한 나무향에 어우러진 향기가 풍겨옵니다. 전체적으로 좀 생동감 있고 역동적인 이미지입니다. 현대적인 우디 향이 나면서도 뭔가 자연으로 여행을 떠나는듯한 분위기를 만들어 줘요.",Ex Nihilo The Hedonist
메종 프란시스 커정 아쿠아 미디어,이 향수는 행복과 배려 생명과 에너지 단순함에서 오는 확신의 향기라는 컨셉을 가지고 있는 제품인데요. 현실적으로 표현을 해보자면 헤드앤숄더 샴푸 같은 엄청 상쾌하고 개운한 느낌이 드는 샴푸로 머리 감고 나온듯한 느낌의 향입니다. 상큼한 레몬향이랑 버베나의 가벼운 허브향 그리고 시원한 차향이 메인이 되는 향수라고 할 수 있고요. 거기에 풋풋한 풀 향과 약간의 우디함까지 곁들여졌습니다. 그래서 이 향수는 막 엄청 새롭고 유니크한 향수를 원하시는 분들보다는 쉽게 쓸 수 있는 여름 향수이면서도 메종 프란시스 커정이라는 리치 퍼퓸 브랜드가 가지고 있는 한 끗 차이의 고급스러운 터치가 있는 그런 향수를 원하는 분들에게 추천을 하고 싶습니다. 이거를 뿌리는 순간 뭔가 내 주변의 온도가 좀 낮아질 것 같은 그런 쿨한 신선함이 있으면서도 깔끔한 상큼함까지 더해진 향이라서요. 여름에 쓰기에 너무 좋고 성별이나 나이에 가리지 않고 남녀노소 누구에게나 잘 어울릴 향기입니다.,Maison Francis Kurkdjian Aqua Media
도르세 이큐,사랑하는 사람과 키스할 때 연인에 입술에 발려있는 립스틱을 향해서 영감 받은 향수예요. 처음에는 밝고 달콤한 핑크페퍼 향이 톡톡 터져요. 그리고 곧이어서 아이리스 꽃향기가 퍼지는데 아이리스 양이 과하지 않게 파우더리하고 베이스 노트에 그 포근한 캐시메랑과 은은하게 어우러져서요. 흔히 우리가 살냄새 향수다라고 분류하는 장르라고 할 수 있습니다. 뭔가 메이크업 좀 신경 하고 예쁘게 꾸민 여자친구랑 밖에서 한 데이트 2~3시간 정도 했을 때 그때 내 여자친구한테서 날 것 같은 냄새날까요. 그만큼 향이 그렇게 느껴져요. 되게 은은한 향수고 포근하고 섬세한 달콤함이 섞인 플로럴 향을 좋아한다면 추천을 하고 싶은 제품입니다.,Dorsey Icue
이솝 글롬,일단 히노끼탕이 떠오르는 편백나무 냄새랑 이솝 매장에서 나는 그 특유의 허브향 그리고 부드럽고 스윗한 꽃향기 그리고 향신료 향이 섞인 향수라고 할 수 있습니다. 이 향신료향은 사람에 따라서는 약간 멕시칸 음식점 뭐 인도 음식점 혹은 말한 냄새 요렇게 느껴질 수도 있을 정도로 확실히 이국적인 스파이시함이 있습니다. 그리고 그 스파이시함이 그렇게 과하지 않다고 느껴졌습니다. 그래서 이 글로는 휠보다 더 포근하고 부드럽고 밝은 느낌입니다. 확실히 미모사를 비롯해서 자스민 오렌지 플라워 등의 플로럴 향해 더해진 향이기 때문에 향이 좋기는 한데 너무 막 나무 인간 이런 느낌이라서 아 막 나무 인간 이런 느낌이라서 휠이 좀 손이 잘 안 갔던 분들에게 대안으로 추천을 해드리고 싶은 향수입니다.,Aesop Gloam
꾸레쥬 라 필르 드 르에어,"화사하고 깨끗하고 예쁜 꽃향기가 납니다. 오렌지 꽃이 사이다에 빠진 것 같은 향, 상큼하고 스파클링한 베르가모이랑 네롤리 향으로 시작을 했다가 깨끗한 화이트 머스크가 긴 오렌지 블라섬 향으로 이어지는 향수입니다. 되게 웨어러블한 향으로 느껴집니다. 되게 은은한 향인데 비해서 지속력과 확산력은 나쁘지 않았고요, 4계절 내내 잘 어울릴 것 같은 향수입니다.",Courrèges La Fille de L'Air
입생로랑 와이 오드뚜왈렛,이 향수를 처음에 딱 뿌렸을 때는 달콤한 사과향이랑 상큼한 레몬향이 옅은 스킨 향과 함께 느껴집니다. 이 때 여기서 느껴지는 스킨향은 아버지의 스킨향이 아닌 프레시하고 젊은 느낌이에요. 프레쉬하고 젊은 느낌이고 달콤한 과즙향과 섞여 있어서 부담스럽지 않습니다. 잔향에서는 아주 깔끔한 우디 머스크향이 남아요.,Yves Saint Laurent Y Eau de Toilette
프라다 레스 인퓨전 디 프라다 아이리스 세더,"뽀득뽀득 거품을 가득 낸 비누가 떠오른 향기입니다. 그 비누가 왠지 회색일 것 같아요. 샤랄라하고 막 달달한 비누 냄새는 아니라는 거죠. 세탁소의 냄새 같기도 하고, 희뿌연 스팀의 느낌 청결함 이런 것들이 다 복합적으로 느껴지는 향수거든요.",Prada Les Infusions de Prada Iris Cedar
펜할리곤스 엔드미온,"이 향은 마치 원목으로 인테리어 된 분위기 좋은 카페에서 스웨이드 자켓을 입고 일하고 있는 훈남 바리스타에게서 날 법한 향기입니다. 따뜻한 스웨이드 향, 약간의 남자 스킨 향 그리고 은근한 커피 원두 냄새가 어우러진 향이거든요.",Penhaligon's Endymion
불리 오 트리쁠 마카사르,마치 동남아 열대우림에 들어간듯한 이국적인 나무향이 확 나고요. 담뱃잎의 스모키한 향도 살짝 나서 약간 다크한 느낌입니다. 묘한 매력이 있는 오리엔탈 계열 향수예요.,Buly 1803 O Triple Macassar
자크 파뜨 에쌍씨엘 그린 워터,"매우 상쾌하고 깨끗한 민트향이랑 바질향, 그리고 시트러스 향과 초록초록한 향이 확 몰려오거든요. 각종 풀과 허브향이 기분 좋게 풍겨오는 드넓은 필드가 떠오르는 향이라서.",Jacques Fath Essenciel Green Water
메모 파리 케두,약간 씁쓰름한 자몽향으로 시작해서 고소하고 포근한 견과류 향이 은근하게 이어지고요. 마테차 향도 솔솔납니다. 개성 있으면서도 어렵지 않은 편안한 향이에요.,Memo Paris Kedu
아쿠아디파르마 릴리 오브 더 밸리,"5월달에 풍경을 딱 떠올려 보면은 너무 뜨겁지는 않은 햇살이 푸른 들판에 싹 비치고 꽃들이 생동감있게 피어나고 사람들은 막 다 행복하게 웃고 있는 모습이 연상됩니다. 그런 무드를 가장 잘 표현할 수 있는 향조 중에 하나가 은방울꽃 향기라고 생각하는데요. 수줍게 피어난 흰 꽃의 부드러운 향기랑 싱그러운 풀잎향이 같이 납니다. 투명한 화이트 플루를 향해 은은하게 퍼지는데, 잔향이 비누 냄새처럼 남아서 참 좋았습니다. 마치 싱그러운 은방울꽃의 꽃잎이랑 풀잎을 전부 따다가 약간의 자몽이랑 블랙커런트와 함께 섞어서 연두빛의 물비누를 만들었다면 딱 이런 향이 날 것 같습니다. 파우더리하고 하얀 도브비누 같은 그런 산뜻 달콤한 물비누를 떠올리게 하는 향입니다. 청순한 느낌이 있으면서도 편하게 일상적으로 사용하기 좋은 향입니다.",Acqua di Parma Lily of the Valley
펜할리곤스 더 페이버릿,"향수가 딱 부내나는 향기인데, 클래식하고 앤티크한 느낌이다. 미모사나 아이리스처럼 아주 포슬포슬한 꽃향기랑 포근한 머스크향이 어우러진 향수이다. 아주 입자가 곱고 뽀얀 파우더에 핑크빛 달콤함을 살짝 가미한 고운 향기이다. 이 향수는 하얀색의 여리여리한 니트를 입었을 때 뿌리면 너무 잘 어울릴 향기인데, 단정하고 착한 느낌의 옷보다는 약간의 심상치 않음이 살짝 있는 니트를 입었을 때 뿌리고 싶은 향수입니다. 파우더리한 머스크향이 섞인 꽃향기입니다.",Penhaligon's The Favourite
구딸 쁘띠뜨 쉐리,잘 익은 서양 배를 착즙해서 배 주스를 한 짝 만든 다음에 거기에 깨끗하게 씻은 복숭아를 썰어 얹은 느낌으로 느껴져요. 진짜 상큼 달콤한 향인데 이게 찐득하다거나 무거운 달콤함이 아니라 가볍고 청량한 풀 향입니다. 잔향에서는 장미랑 라일락 같은 꽃 향기랑 화이트 머스크 향이 남아서 은은하고 포근하게 느껴집니다. 전반적으로 향해 이미지가 러블리하고 웨어러블한 향이거든요.,Goutal Petite Chérie
구딸 뒤엘,되게 중성적인 향입니다. 차향이 나는데 홍차향같기도 하고 마테차 같기도 한 그런 살짝 쌉싸름 하면서도 향긋한 향이 솔솔 나면서 은은한 나무 향도 같이 나거든요. 부드럽고 포근해요. 그래서 이걸 뿌리면 마치 하루 일과를 다 끝내고 포근한 침대에 앉아서 차 한잔 하고 있는 듯한 기분이 들거든요. 잘 때 뿌리는 향수로도 참 적절하다는 생각이 들고 룸 스프레이처럼 뿌리면 감각적인 분위기가 연출될 것 같아요.,Goutal Duel
구딸 릴 오 떼,"귤 껍질이나 뭐가 이런 과일들이 떠오르는 새콤한 향이 나요. 그리고 곧바로 굉장히 맑은 녹차향이 느껴지는데, 사실 녹차 향을 표방한 향수들은 대부분 진짜 녹차가 떠오른 향이 아니라 그냥 그린티가 컨셉인 향수 느낌이잖아요. 분명히 녹차 특유의 맑은 느낌을 훌륭하게 구현한 향수는 맞다고 생각을 해요. 제주도처럼 자연적이고 싱그러운 느낌의 향수고요.",Goutal L'Eau d'Hadrien
프라다 루나 로사,"너무 강한 스킨 향은 아니라 깨끗한 느낌, 단정한 느낌, 잘 정재된 느낌의 스킨 향입니다. 잔향으로 가면 갈수록 스킨 냄새들이 많이 빠지는데요. 데일리용으로 너무 좋고 유니크하게 느껴집니다. 처음에는 프레쉬 스킨 향으로 옅게 시작했다가 뒤로 갈수록 깨끗한 비누 같은 것이 떠오르는 향입니다. 계속 볼 때마다 편안하고 진국인 남자 느낌의 향수입니다. ",Prada Luna Rossa
프레데릭 말 포트레이트 오브 레이디,"알게 모르게 존재감 뿜뿜하고 싶을 때 뿌리는 향수 같습니다. 약간 장미 향이 나는데, 많은 사람들이 생각하는 장미가 아닌 느낌입니다. 처음 맡았으면 장미인지 몰랐을 것 같고, 고급스러운 꽃 향이 느껴집니다. 이국적인 장미향이 있고 스파이시하고 스모키한 느낌이 베이스에 깔려 있습니다. 붉은 장미를 향초 사이에 놓아놓은 듯한 느낌이 들어요.",Frederic Malle Portrait of a Lady
에따 리브르 도랑쥬 헤르만,"지하실 냄새 같은 느낌이 나며, 서늘하고 한한 느낌이 있어요. 사람에 비유하자면 너드인데 잘생긴 너드? 옷도 후즐근하게 입었는데 그 모습이 좋아보이는 느낌입니다. 이것처럼 서늘하고 냉기나 한기가 있는 향은 잘 없는 것 같아요. 어두운 동굴에 들어간 느낌, 눅눅하고 위에서 물이 뚝뚝 떨어지는 것 같은 바이브가 느껴집니다.",Etienne de Montille D'Orange Hermès
비디케이 그리 샤르넬,그냥 좋은 향입니다. 그냥 후각적으로 만족되는 향 같아요. 무화과의 달큰한 향인데 관능적이고 도시적이라 더 좋은 것 같아요. 사람의 향을 만끽하고 싶은 느낌이 든다고 해야하나? 그렇습니다. 중성적인 여자가 뿌려도 잘 어울리는 향입니다.,VidiKey Gris Charnel
메종 프란시스 커정 바카라 루즈 540,"얼린 요구르트 뒤로 뜯어먹는 향처럼 달콤한 맛이 느껴지며, 약간의 메탈릭한 쇠 냄새가 살짝 있어요. 이 단내에 약간 트위스트를 줘서 럭셔리하고 고급스러운 느낌을 주며, 과시하지 않는 남자의 이미지가 떠오릅니다. 고급스러운 남자와 잘 어울리는 향입니다. 콰이어트 럭셔리를 추구하는 향 같았어요.",Maison Francis Kurkdjian Baccarat Rouge 540
논픽션 더 베이지,"더 베이지는 소녀같고 청순하고 때 지 않은 느낌이라면 중성적인 우디향이 섞인 플로럴 머스크 향이라서 우리 한국인들이 생각하는 막 티 없이 맑고 예쁜 살 냄새, 첫사랑에서 나던 비누향 요런 거는 솔직히 좀 아니라고 생각했어요. 논픽션다운 세련된 무드입니다. 뿌리자마자 제라늄과 오리스의 따뜻하고 화사한 꽃향기가 포문을 열어요. 단내는 거의 없고 뽀송뽀송하고 파우더리한 플로럴 향이 밀도 없게 느껴집니다. 그러니까 꽃잎만 따서 만든 플로럴 향이라 보다는 꽃의 뿌리까지 다 넣은듯한 향이라서 흑미도우 좀 더스티하다는 뉘앙스까지 받았습니다. 통카빈의 포근함이 잔향까지 남아서 은은하게 지속되는 향이에요. 발향력이 강하진 않아서 라이트하지만 오래 피부에 남아 있는 그런 향을 원하시는 분에게 추천하고 싶습니다.",Nonfiction The Beige
논픽션 더 그레이,"더 그레이는 더 강렬하고 관능적이고 세상의 풍파를 다 겪고 이겨낸 그런 사람이 떠오르는 향이라고 하던데요. 개인적인 선호도로 따지자면 더 그레이가 조금 더 제 취향입니다. 뿌리자마자 시나몬향이 나고 인센스 향이 시작하는데 너무 강하진 않습니다. 미들 노트에는 오스만투스 메그놀리아 같은 플로럴 향기가 포함돼 있는데, 일반적으로 그런 꽃향기가 사용된 향수들은 상콤 달콤함을 느끼거든요. 근데 여기서는 그런 상콤달콤함은 없어요. 확실히 더 우아한 바이브가 있고요. 더 그레이는 약간 서늘하게 절제된 느낌의 머스크 향입니다.",Nonfiction The Grey
줄리엣 헤즈 어 건 엑스 베티버,"베티버 향이 메인인 향수인데, 처음에 뿌렸을 때는 상큼한 시트러스 향과 함께 상쾌한 허브향이 있습니다. 되게 가볍고 깨끗한 오프닝이라 저는 처음에는 크리드 오리지널 베티버 좋아하는 사람이라면 이것도 좋아하겠다 싶었어요. 청량하면서도 자연적인 향으로 포을 엽니다. 시간이 지날수록 꽤나 드라이한 우디향으로 변하더라고요. 처음에 상큼한 레몬 풀 비노 향과는 달리 초록초록한 식물의 뿌리에서 날법한 씁스름한 향이 퍼집니다. 약간 스모키 하다고 느껴질 정도의 우디한 베티버 향이 이어져요.",Juliette Has a Gun X Vetiver
메종 프란시스 커정 아폼,"처음에 뿌리자마자 화한 라벤더 향이 남입니다. 굉장히 풍성하면서도 살짝 꼬릿한 화이트 플라워 향이 나요. 잔향에서 바닐라와 엠버 화이트 마스크에 포근하면서도 달달한 부드러움이 남습니다. 모든 향조 구성들이 되게 직관적이어서 처음에 라벤더 향은 진짜 우리가 익히 알고 있는 라벤더 향이고, 베이스노트의 엠버리 바닐라 머스크 향 역시도 너무 어렵거나 특이하지 않게 조화롭게 마무리가 됩니다.",Maison Francis Kurkdjian A La Rose
불리 레 자뎅 프랑세 오 트리쁠 크레송,"초록초록한 풀 향이 물냉이와 파슬리 향이 조화를 이룬 향인데요. 건강한 음료판은 카페에서 파는 그린 주스 향처럼 신선하고 기분이 좋아지는 느낌입니다. 달달하거나 상큼한 느낌은 없고, 소박한 식물 채소 혹은 초록색의 향신료들의 냄새가 프레시하게 납니다.",Buly 1803 Les Jardins Français au Triple Crème
러쉬 솔티 보디 스프레이,"바다의 침식된 오래된 나무 냄새라고 할 수 있습니다. 상쾌하면서도 짭조름한 우디향이 느껴지며, 약간 죽은 나무 냄새 같은 그런 향으로도 느낄 수 있습니다. 해안가에 강한 파도와 바람에 노출된 풍화된 나무 냄새가 납니다.",Lush Salted Body Spray
로이비 타임 앤 모스,"편백나무 냄새가 훅 나면서 숲속 온천이 떠오르는 스파이시 아로마 향도 섞여 있습니다. 흙 묻은 이끼 냄새도 언뜻 느껴지며, 한국이나 일본의 고즈넉한 사우나에서 날 법한 향으로 느껴집니다. 온몸에 피로가 싹 풀린 듯한 기분을 선사해주는 향입니다.",Loewe Time and Moss
트루사르디 르비디 밀라노 알바수이 나빌리,"시트러스 허브향인데도 지속력이 좋습니다. 상큼한 과일의 느낌이 잘 느껴지는 제품입니다. 풀과 허브의 향도 꽤 많이 나고요, 인공적인 달달함이 아니라 살짝 쌉쌀한 상큼함이 있습니다.",Trussardi Rebelle Milano Albasui Nabili
펜할리곤스 리퀴드 러브,부드럽고 달콤한 장미향이 나는데요 그 속에 스파이시함이 이렇게 쏙쏙 튀어나오는 거 같아요. 이렇게 스파이시한 향신료를 품고 있는 커다란 한 장미 꽃봉오리가 떠오른다까 근데 그 스파이시함이 진짜 우리가 막 고추를 이렇게 반찬으로 먹는듯한 그런 느낌은 아닌 거 같고 장미 꽃이랑 각종 향신료 알싸 허브 이런 것들을 조화롭게 정돈해 둔 느낌입니다. 어 뭔가 채소처럼 아삭하고 그린한 느낌도 분명히 있긴 하지만 거기에 얼시 바이브가 더 해줬고요 뻔한 장미향이 아니라 약간의 트위스트가 있는 장미 향이라서 오히려 저는 더 좋았어요.,Penhaligon's Liquid Love
까사모라티 다마 비앙카,파우더리 바닐라 머스크 계열의 향이에요 근데 막 너무 달거나 숨 막힐 정도로 짙은 파우더 향이 아니라 딱 적절하게 포근하고 적절하게 달콤하다는 게 이 향수의 가장 큰 장점이라고 생각을 합니다. 요걸 처음 딱 뿌렸을 때는 신선한 금귤 향이 나는데요 곧이어서 바로 뽀얗고 풍성한 백합 향기랑 퐁신퐁신 바닐라 머스크 향이 어울어집니다. 그리고 파우더리한 아이리스 꽃향기도 함께 나는데 굉장히 우아한 무드에요.,Casamorati Dama Bianca
발렌티노뷰티 본 인 로마 핑크,상큼하고 톡 쏘는 시트러스 향에서 섞인 자스민 향으로 시작을 해서 부드러운 캐시메랑과 바닐라향 그리고 약간의 우디향으로 마무리되는 향입니다. 핑크빛의 로맨틱한 분위기가 느껴지는 향이에요. 그래서 제가 이 향수를 딱 뿌렸을 때 연상되는 분위기는 이제 막 동이 트기 시작하는 시간에 유럽의 아름다운 주택가를 걷고 있는듯한 모습이었어요. 주변에는 핑크색 꽃들이 화사하게 피어 있고 일출을 연상시키는 부드럽고 따뜻한 빛들이 감싸고 있는듯한 기분이죠. 그래서 이 향수는 낭만적인 성향이 있는 사람이 떠오르는 향이다라고 생각했습니다.,Valentino Beauty Born in Roma Pink
발렌티노뷰티 본 인 로마 핑크 우오모,"쿨한 남자 스킨 향이 나는데요, 산뜻한 바이올린 리프랑 아로마틱한 세일즈향도 같이 느껴집니다. 그리고 잔향에서는 흙냄새 같은 액티브 향이 나와요. 시원한 아쿠아틱 바이브랑 편안한 식물 향이 공존하고 있는 향수기 때문에 언제 어디서든 데일리용으로 사용하기 좋은 향입니다.",Valentino Beauty Born in Roma Pink Uomo
발렌티노뷰티 본 인 로마 옐로우,로마의 첫 번째 햇살을 담은 향기에요. 피온이 장미 등의 가볍고 이지한 꽃향기랑 캐주얼한 화이트 머스크향에 어우러져서 전반적으로 부담없이 데일리하게 즐길 수 있는 달콤한 플로럴 머스크향입니다. 저는 이 향을 맡았을 때 도심 한복판에 있는 고급스러운 호텔에 수영장에 가서 휴식을 취하고 있는 모습이 연상됐어요. 컬러풀한 옷이나 수영복을 입고 따뜻한 태양을 느끼면서 선탠을 하는듯한 여유롭고 기분 좋은 향기입니다.,Valentino Beauty Born in Roma Yellow
발렌티노뷰티 본 인 로마 옐로우 우오모,"기분 좋은 달콤함이 느껴지는 향수예요. 시나몬 비스킷이 연상되는 스파이시한 바닐라 향이 나는데요, 그와는 대조적인 프레쉬하고 서늘한 플로럴 라벤더 향이 공존하고 있어서 매력적입니다.",Valentino Beauty Born in Roma Yellow Uomo
발렌티노뷰티 본 인 로마 코랄,"입에 침이 고일만큼 새콤한 과일향이 풍성하게 퍼집니다. 잘 익은 오렌지랑 키위를 입안 가득 베어본듯한 신선한 향이 저를 반갑게 맞이해주는 거 같더라고요. 그리고 이어서 소프트한 장미와 자스민, 암브레트 시드 향이 하트노트와 잔향에 머물러서 부드러운 생기 발랄함을 느낄 수 있는 플로럴 프리티 계열의 향수입니다.",Valentino Beauty Born in Roma Coral
발렌티노뷰티 본 인 로마 코랄 우오모,레드애플과 세이지 제라늄의 스파이시한 향 그리고 타바코 패출리향의 조화를 이루는 향이에요. 알싸한 향신료로 만들어진 시럽의 절인 붉은 사과가 있다면 딱 이런 향이겠다라는 생각이 드는 향으로 포문을 열고요. 우디하고 스모키한 타바코향이 오래 남는 향수입니다. 성숙하면서 관능리 넘치는 남성을 떠올리게 하는 향인데요.,Valentino Beauty Born in Roma Coral Uomo
조보이 파빌리온 로즈,구어망드의 달콤함이 있으면서 그와는 아주 정반대인 좀 거칠고 다한 이미지의 타바코 향이 나면서도 살짝 외국인한테서 날 것 같아라는 생각이 들면서도 곱게 막 온실속 화초처럼 잘하는 사람이 아니라 산전수전 다 겪든 사람에게서 날 거 같은 그런 이미지의 향을 되게 좋아하는데 정확히 이거 아니에요 정말 좋아하는데 정확히 이거 아니에요 정말 스토리가 있는 타바코는 하셨지만 저는 스토리가 있는 타바코는 하셨지만 저는 좀 부드러운 타바코 향이 났거든요 맞아요 사실 타바코 향이 좀 자칫 너무 매개하고 무거워서 이게 내 몸에 입기에 부담스러운 향으로 발현되기 쉬운 향 조데시 향을 좋아한다면 정말 어렵지 않게 소화할 수 있는 그런 향으로 조연이 돼서 너무 좋았고 이 컨셉트 자체도 저는 참 마음에 들었던게 컨셉이 뭐냐면은 두려움이 없는 해적에서 이제 영감을 받아서 만드는 스타일이라서 진짜 이 컨셉에서 터 이미 내 심장을 지고 흔들었다 처음에 딱 뿌렸을 때는 위스키 향 같은게 살짝 지나가요 그러다가 타바코 향이 훅 나는데 정말 질좋은 시가를 이렇게 좀 피우다가 그 질좋은 시가를 이렇게 좀 피우다가 그 씨가 이렇게 막 이렇게 뭉갠 것처럼 그런 향기가 훅 납니다 그리고 거기에다가 더 재밌는 거는 약간 커피 원두 냄새가 나요 약간 씁쓸하면서도 고소하고 향긋한 그 커피 원두 냄새가 퍼지아요 맞아맞아 그 향기도 살짝 섞였고 거기에 우디 양도 많이 나고 바닐라 양도 살짝 섞였는데 정말 살짝 어 근데 바닐라 과하지 않죠 그냥 부드러워요 뭔가 담백한 바닐라 느낌 달콤한 바닐라가 아니고 단백한 바닐라 향이나요 맞아 아니 단향이 강하지 않아서 바닐라라구 캐라멜 갖고 이런 거는 전혀 아닙니다 나무향 그리고 타바코 향 약간의 커피 원두 그리고 약간의 위스키 이게 섞인 향이라서 저는 이걸 맡으면 어떤 이미지가 떠오르냐 진짜 해적 같아요,Jo Boy Pavilion Rose - Jo Boy
조보이 리멤버 미,은은하게 또 격식 있게 여러분들이 사용하실 수 있는 제품이다 생각이 들고요 아 미지 님한테 나 이 얘기 듣고 계속 그 향 밖에 안 느껴져요 그 향 아니 이거 뿌리다가 아 이거 완전 차이티 향 나지 않아 이러시는 거예요 그 제가 어머 맞네 해가지고 그때부터 계속 이미지가 차이티 밖에 안 생각이 안 들어 차이티 라떼 같은 경우는 말 그대로 라떼고 색상 자체가 좀 브라운 기억이아요 맞 티럴 한 느낌 그래서 어디에 뿌리면 좋을 것 같다는 이미지까지 확실히 연상이 되더라고이 헤링본 자켓을 입고 그 위에다가 얘 헤링본 자켓을 입고 그 위에다가 얘 한번 칙 뿌려주면 어 뭐 활용 정점 느낌 맞 오늘 소봉 님의 옷이 진짜이 느낌 맞 오늘 소봉 님의 옷이 진짜이 느낌 약간 요런 느낌 아 진짜 잘 어울려 여기에서 이제 안경 한번 끼워주면 너무 좋 같아서,Jo Boy Remember Me - Jo Boy
카너 바르셀로나 드라곤,딱 뿌리면 되게 스파이시한 그 블랙 페퍼 향이 확 나거든요 근데 그 모습이 마치 정말 우리가 영화 속에 나오는 용이 막 불을 뿜으면서 막 이렇게 힘차게 움직이는듯한 그런 모습을 연상케 할 정도로 굉장히 강렬하고 뭔 화르륵 타오르는듯한 그런 느낌으로 블랙 페퍼 향이 확 나다가 뒤로 갈수록 신선한 편백나무 향도 나고요 잔향은 조금 더 차분한 우디향으로 남아요 근데 이 우디 양도 뭔가 그런 거 있죠 영화에 보면은 꼭 용들이 오래된 성을 지키는 거 뭔가 꼭 그런 성은 되게 오래된 나무로 이렇게 지어졌나요 그런 영화 속이나 신화 속에 나오는 오래된 나무 성에서 날법한 향이에요,CARNER Barcelona Dragon - CARNER Barcelona
카너 바르셀로나 볼케이노,뿌리자마자 아 굉장히 성숙한 향이다 고혹적인 향이다 섹시한 향이다 생각을 했거든요 그래서 얘는 여러분들이 평소에 아무렇게나 캐주얼할 때 뿌리시고 보다도 파티가 있는 날 뿌리시고 가시면 굉장히 나의 독보적인 섹시한 이미지 그리고 고혹적인 이미지를 보여 드릴 수 있을 것 같아요 날카로운 장미향이 나면서 좀 이렇게 흙이 섞인듯한 그런 느낌이라서 이수에서 어필하는 장음 양은 뭔가 레드립 이렇게 딱 바르고 가면 너무 잘 오릴 것 같은 이게 중성적이다 그면 중성적이 수 있는데 중성적이다 그면 중성적이 수 있는데 중성적이다 그면 중성적이 수 있는데 블랙 원피스인데 이렇게 몸에 실루엣이 다 드러나는 그런 옷차림에도 잘 어울릴 것 같고 저는 파티에 어울릴 거 같은 향이다,CARNER Barcelona Volcano - CARNER Barcelona
카너 바르셀로나 베소스,무디한 향 그리고 가죽 향을 굉장히 좋아하거든요 근데 이상하게 이렇게 포근하고 바닐라 틱하게 파우더리한 향이 좀 많이 손이 가더라고요 취향이 달라진 걸 수도 있고 아니면 계절을 타는 걸 수도 있는데 요즘에는 저는 가장 비율적으로 많이 사용하는게 배소 스인 거 같아요 뭔가 방금 세탁하고 나온듯한 그런 옷에서 나는 향인데 그게 결코 막 저렴한 향이 아니고 고급진 섬유연제 냄새 신기하게 이게 쿨한데 따뜻해요 쿨한데 따뜻해요 옷 착장이라 장소에 구해 받지 않고 어디서든 뿌려도 부담없이 사용하실 수 있는 제품인 거 같아요,CARNER Barcelona Besos - CARNER Barcelona
퍼퓸 드 엠파이어 오스만투스 앙테르디트,산뜻하고 프레쉬한 느낌입니다 와 이거는 진짜 한마디로 표현할 수 있어요 살구가 가득 빠진 녹차 어 수 있어요 살구를 손에 막 한 가득 쥐었을 때 날법한 그 달콤한 복숭아 살고 이 향면 그에 은은하게 맑은 녹차향이 깔려져 있어요 그리고 그 외에 약간 자스민 향도 섞여 있거든요 되게 고급 음식점 가면은 그 자스민 티 같은 거 나오잖아요 그런 자스민 티 향 같기도 하고 어떻게 자스민 티 향 같기도 하고 어떻게 맞으면 녹차향 같기도 하고,Perfume de Empire Osmanthus Interdit - Perfume de Empire
제르조프 알렉산드리아2,"이 양수를 딱 뿌렸을 때 처음 그려지는 이미지는 숲속에 있는 신선한 라벤더 밭에서 청사과를 먹고 있는듯한 모습이었어요. 그만큼 아로마틱 하고 달콤한 향이 로즈우드 시더우드 오우드 향과 함께 섞여서 납니다. 그리고 잔향은 엠버 우디 바닐라의 포근한 향으로 마무리가 돼요. 전반적인 향이 굉장히 깊이 있고 안정적입니다. 유럽의 유서깊은 5성급 호텔의 복도에서 이런 향이 나을 것 같다는 생각을 했어요. 특유의 기품 있는 우디향이 연상이 되면서도 굉장히 멋스러운 유럽 피안이 탁 풍길 법한 달콤하고 향긋한 아로마향도 있고, 호텔 복도를 걸을 때의 그 편안하고 부드러운 무드까지 있거든요. 우디 파우더리 프루티 아로마틱 스파이시 등등 정말 다채로운 장르의 향조가 존재하고 있는 향수인데요, 그럼에도 전혀 과하지 않고 오묘하고 절묘한 조화를 이루고 있다라는 점이 정말 인상적입니다.",Xerjoff Alexandria II - Xerjoff
제르조프 니오,"스파클링하고 반짝이는 밝은 기운을 느낄 수 있는 향입니다. 상큼한 시트러스 향이랑 네롤리 향이 톡톡튀는 로즈페퍼 넛맥 등의 향과 섞여서 포문을 여는데요. 그런데 그냥 단순한 시트러스가 아니라 푸릇한 녹색 이파리와 흙향, 그리고 잔향에서 우디 향도 섞여 있어 가지고 정말 자연적이고 고급스럽습니다. 마치 내가 갑자기 되게 부자가 돼 가지고 이태리에 막 지중해 연한 어딘가에 텃밭을 하나 샀어 그래서 거기에서 레몬 트리를 하나 이렇게 애지중지 키운다면 딱 이런 향이 날 것 같아요. 비옥한 흙의 향, 볕을 가득 받고 자란 레몬트리의 상큼한 과육 향 그리고 나무의 향까지 느껴지는 향수입니다. 이 향수는 뭔가 캐주얼한 모임이나 친한 친구들이 모이는 자리에서 잘 어울릴 것 같아요. 향이 과하지 않으면서도 딱 주목을 받을 수 있을 법한 향이죠.",Xerjoff Nio - Xerjoff
제르조프 에르바 퓨라,"오렌지나 레몬 같은 시트러스 과일을 비롯해서 여러 가지 프루티 향이 느껴지는데요. 저한테는 이 과일향이 약간 망고 향처럼 느껴지기도 하고 파인애플이나 라즈베리, 복숭아 요런 말랑말랑하고 상콤 달콤한 과일들이 그려지기도 해요. 정말 당도 높고 잘 익어 가지고 과일이 쭈르륵 흐르는 그런 느낌이죠. 그리고 잔향은 솜털처럼 부드러운 바닐라 머스크 엠버 향으로 깔끔하게 마무리됩니다. 연말 연시에 여행이나 휴가를 떠날 계획이 있는 분들에게 정말 추천하고 싶은 향수고, 아니면은 내가 꼭 어디론가 떠나지 않아도 이 향수를 딱 뿌리면 한 해를 잘 마무리한 나한테 달콤한 휴식을 선사하는 그런 기분이 들 것 같습니다.",Xerjoff Erba Pura - Xerjoff
제르조프 아폴로니아,달빛 아래에서 데이트하는 내 연인에게서 날법한 화이트 머스크 향이다. 그만큼 이게 되게 섬세한 플라워 향이랑 매혹적인 밤의 분위기를 연출하고 있는 향이죠.,Xerjoff Apollonia - Xerjoff
디올 자도르 로르,"자도르 로르가 오리지널 자도르와 크게 다르지 않더라고요. 오리지널 자도르와 향이 되게 비슷합니다. 솔직히 말하자면은 엄청 개성 있고 독특하다고 느껴지지도 않았거든요. 자도르 뭐 일랑일랑 자스민 로즈 이런 전 세계의 온갖 아름다운 꽃들을 가득 모은 부캐 향에다 풍부한 프루트 향이 더해진 향입니다. 특정 향조가 도드라지지 않고 정말 많은 수십 가지 꽃들이 다채롭게 사용됐는데 그 향이 너무 강하지 않고 그 많은 향 조들이 매끈하게 밸런스를 이루고 있다는 점에서 많은 호평을 받았죠. 자도르 로르의 노트인 자스민이랑 센티폴리아 로즈, 은방울꽃, 바이올렛 정도만 간결하게 남겨 두자 요렇게 단순하고 미니멀하게 노트를 다듬되, 대신에 그 몇 안 되는 노트를 다듬되, 그 꽃향기는 더 선명하게 극대화 하자 이렇게 생각을 하고 만든 향수라고 할 수 있죠.",Dior J'adore L'Or - Dior
딥티크 탐다오,"사찰에 갔을 때 나는 편안한 향기, 약간 히노끼탕의 편안한 향기, 편백나무 냄새 같고 처음에는 겨울나무 같은 느낌입니다. 끝향이 포근하고, 묵직한 느낌, 무뚝뚝할 수 있는 느낌이지만 사랑하는 사람한테는 엄청 따뜻한 느낌입니다.",Diptyque Tam Dao - Diptyque
딥티크 플레르드 뽀,"앤티크와 목재가구 둘러싸여 있는 호텔에 깨끗하고 포근한 친구의 향으로 느껴지거든요. 미모사 꽃향기가 꽤 많이 나거든요. 저한테는 좀 향기나는 색종이 같고, 튤립을 연상하게 만 되기도 했습니다. 때로는 색종이 냄새 혹은 크레파스 향 같다라고 느껴지거든요. 크레파스스러운 꽃향기가 살짝 있으니까 구수한 향으로 느껴지더라고요. 구수한 누룽지가 그려지지 이런 생각을 했는데, 나중에 보니까 이 향수에 라이스 어코드가 사용이 됐더라고요. 그래서 고소한 국물의 느낌을 받은 것 같습니다.",Diptyque Fleur de Peau - Diptyque
딥티크 오르페옹,"오래된 목재 장식 있는 bar에서 날법한 우디 향도 나고, 아주 멋스럽게 꾸민 예술가들 테서 날법한 중성적인 파우더링 향도 포근하게 납니다. 진짜 중독성 있고 멋진 향이라서 저도 좋아하고 많은 분들에게 인기가 있기도 한 향이에요.",Diptyque Orphéon - Diptyque
딥티크 플레르드뽀,톡소는 후추 향을 뺀 느낌이 우르 PE 같다라는 생각이 들 정도로 닮은 부분이 있는 향수입니다.,Diptyque Fleur de Peau - Diptyque
딥티크 로파 피에,종이 공방의 향입니다. 목수 공방의 향 막 나무껍질 벗겨 가지고 종이 향이 날법한 그런 느낌에다가 은은한 미모사 꽃향기가 섞여 있는 향처럼 느껴지는 제품입니다.,Diptyque L'Eau de Paille - Diptyque
매종 크리밸리 상탈 볼케니크,진짜 화산이 폭발하고 나서의 화산재 새빨간 불꽃 요런게 연상되는 스파이시 향이랑 우디향 그리고 커피 원두향이 나는 그 원두향이 되게 이색적이면서도 좋더라고요.,Maison Crivelli Santal Volcanique - Maison Crivelli
불리 세드르 디 리방,나무로 지어진듯한 어둑어둑한 교회에 들어갔을 때의 그 교회 냄새 혹은 성당 냄새에 바닐라 파우더를 살짝 뿌린듯한 느낌의 향입니다.,Buly 1803 Cedre de Liban - Buly 1803
논픽션 포레스트,숲속에 온천에 간듯한 느낌의 향이에요. 온천에 약간의 유자를 띄운 느낌? 히노끼탕 냄새에 한 꼬집의 유자향이 섞인 느낌입니다.,Nonfiction Forest - Nonfiction
제르조프 낙소스,"굉장히 웅장한 느낌의 우디 향인데요, 거기에 담배잎 바닐라 시나몽 꿀 요런 향조로 더해져서 화려하고 찬란한 분위기의 향입니다. 패션 위크를 이제 막 끝내고 담배 한 대 피우고 있는 너무 멋있는 유러피안 모델이 연상되는 향이예요. 범점하기 어려울 정도의 포스가 가득한 이태리 감성의 향수입니다. 가장 볼드한 우디향인 것 같아요.",Xerjoff Naxos - Xerjoff
크리드 켄타우로스,거친 면모와 정이 많고 따스한 성격을 같이 가지고 있는 사람이 떠오르는 향입니다. 와일드한 타바코 향이랑 풍부한 샌달로 그리고 달콤한 꿀과 바닐라 향이 어우러졌습니다.,Creed Kentaurus
나르시소 로드리게즈 포 힘 블루 누아르,옴므파탈 같은 냄새예요. 고소하고 달콤한 넛맥과 카다멈에 모던한 블루 머스크 향이 딱 곁들어져 가지고 포근하면서도 관능적입니다.,Narciso Rodriguez For Him Bleu Noir
입생로랑 마이셀프,프레시한 스킨 향과 더불어서 깨끗하고 부드러운 오렌지 블라썸 향이 나기 때문에 막 투박한 남자 스킨향이 아니라 되게 옷 잘 입고 슬림한 체형의 남자가 떠오르는 향입니다.,Yves Saint Laurent My Slf
엑스니힐로 스피드 레전드,질주하는 자동차가 주는 스피드와 아드레날린에 대한 갈망을 표현한 향수라서 진짜 자동차가 쌩하고 달릴 때 일어나는 뭔가 돌풍처럼 시원하면서도 약간 추적추적 비내리는 어두운 도시 바이브도 있는 매력적인 향기입니다.,Ex Nihilo Speed Legend
르라보 시트론 2,"되게 중성적인 레몬 향이랑 자스민 향이 지배적인 향입니다. 전체적으로 가볍고 쿨한 시트러스 향인데 자스민 향도 꽤 많이나요. 살짝 꼬릿함이 섞인 자스민 향이고 진저, 시더, 머스크 이런 향조도 포함됐다고 하는데 저한테는 꽤나 심플한 시트러스 플로를 향으로 느껴졌습니다. 쉽게 쓸 수 있는 향이라서 우리나라 사람들 정서에 잘 맞겠다. 향 자체는 되게 좋고 외국인이 보는 서울 이미지는 이런 향으로 표현되는 향수다.",Le Labo Citron 2
로스트 체리,로스트 체리 특유의 그 술에 푹 절여진 체리의 녹진함 이런게 하나도 없고 체리향을 흉내낸 화장품 냄새에 뭔가 기분 나쁜 알콜 냄새가 섞인 뭔가 기분 나쁜 알콜 냄새가 섞인 1차원적인 향입니다 생각보다 향이 되게 되게 되게 별로예요.,Lost Cherry
메종 크리벨리 브와 닷챠이,이 향수는 산속에서 야생베리를 수확하면서 스파이시하고 스모키한 홍차를 마시는 순간의 컨셉을 가지고 있어요. 그 향을 맡아보면 그 컨셉이 너무나 타당하고 객관적이라는 것을 느낄 수 있을 겁니다. 깊은 산속에서 타닥타닥 나뭇잎을 태우고 있을 때 날 법한 스모키한 오디향이랑 차이티 향이 뿌리자마자나요. 그리고 블랙베리의 향도 은근하게 나는데요. 야생 블랙베리를 수확하고 있는 기분이 드는 자연적이고 많이 달지 않은 그런 베리 향이 살짝 섞였습니다. 나무 냄새가 가득한 숲속에서 모닥불 피워두고 불멍하면서 따뜻한 홍차도 마시고 직접 수확한 블랙베리도 맛보는 그런 숲속의 평화로운 모습이 너무 잘 표현이 됐습니다.,Maison Crivelli Bois d'atchai
밀러 해리스 포 상탈,"어른의 연애가 떠오른 향이에요. 굉장히 우디하고 스파이시한 향이라서 성숙하고 포스 있는 이미지입니다. 뿌리자마자 핑크 페퍼나 샤프란 같은 향신료형이 확 나거든요. 존재감 강한 스파이시한 좋아하시는 분들한테 완전 추천하고요. 나무향도 많이 납니다. 우디향 중에서도 따뜻하고 부드러운 우디 향인 샌달우드 향이 견고하게 나는데, 포상탈은 베이스 노트뿐만 아니라 미들 노트에도 샌달우드를 같이 적용해서 풍부한 오디향을 느낄 수 있습니다. 약간 다크한 레더 향 전반적으로 은은하게 풍겨오는 것 같더라고요. 밤에 하는 드라이브 데이트를 떠올렸나 봐요.",Miller Harris Po Sandal
에따 리브로 도랑주 고스트인 더 쉘,복숭아와 유자를 넣은 우유향이라고 표현하고 싶은데요. 첫향에서는 짜릿한 유자향이 나는데 그게 사이보그의 메탈릭함을 표현한 부분이라고 하더라고요. 시간이 좀 지나면 시트러스 향은 사라지고 복숭아가 푹 빠져있는 우유향이 나요. 정말 우유향이에요. 우유 마시고 있는 애기들 냄새 맡아보면 우유 냄새랑 살냄새가 섞여서 나잖아요. 딱 이런 냄새입니다. 포근한 향만으로도 충분히 좋아요.,Etat Libre d'Orange Ghost in the Shell
오르몽드 제인 다마스크,"이 향수는 첫 만남이 떠오르는 향수예요. 프루티 플로럴 향입니다. 장미향이 나는 향수인데요, 그 장미에 상큼달달한 블랙커런트 에이드가 묻은듯한 느낌이에요. 달콤한 과즙향과 프레시한 느낌을 줍니다. 장미꽃이 가지고 있는 이파리나 줄기 같은 프릿한 내음이 함께 느껴지고요. 서양배나 블랙커런트의 달콤함이 우아한 이미지에 과일향으로 표현됐습니다. 전체적으로 향 자체는 크게 호불호가 갈릴 스타일이 아니고 학생부터 중력까지 다 어울릴 스타일이죠.",Ormonde Jayne Damask
아크로 다크,"전반적으로 이국적인 느낌을 갖고 싶다하시는 분들께 추천드려요. 구워 먹는데 확실히 느껴지는데, 스모키한 향이 있고 약간 달콤한 초콜릿 향이 느껴지는 것 같아요. 호주나 미국의 인적 드문 고속도로를 달리며 주유소 옆의 작은 편의점에서 파는 알록달록한 캔디 같은 느낌이 있어요.",Acqua di Parma Dark
에따 리브르 도랑쥬 자스민 에 시가렛,"자스민에서 나는 꼬릿한 인돌릿함이 진짜 화장실 냄새처럼 느껴지긴해요. 어둑어둑하고 더럽고, 내 피부에 뿌려도 괜찮을까라는 생각이 드는 흥미로운 조화가 있습니다. 극악의 환경에서 눈빛은 강렬하게 빛나고, 약간의 플로럴함이 더해져 조화로워서 흥미로운 느낌이에요.",Etat Libre d'Orange Jasmine & Cigarette
킬리안 백 투 블랙,"탐정 드라마 영화 같은 분위기를 주며, 고급스럽고 지적인 느낌이 있어요. 담배 냄새와 함께 지적인 느낌을 주는 향이 전반적으로 맞는 것 같아요. 꿀 향이 느껴지는데 단내와 타바코의 조화가 좋은 것 같습니다.",Kilian Back to Black
세르주루텐 세르귀,건조하게 느껴지며 밤에 어울릴 것 같은 향신료형과 모래가 느껴져요. 전체적인 바이브가 너무 이국적이라 한국인들이 섣불리 쓰기는 어려운 느낌이지 않을까 싶습니다.,Serge Lutens Serge
돌체앤가바나뷰티 라이트블루,"정통적인 여름 향수 강자. 물먹은 듯 촉촉한 느낌이 들어오고, 꿉꿉한 향을 날려버릴 수 있을 것 같은 향이에요! 처음에는 톡 쏘는 시트러스 향이 나고, 뒤로 갈수록 시원한 레몬에이드 같은 바닷바람의 느낌이 유지되기 때문에 크게 호불호가 갈리지 않을 것 같고, 파릇파릇하고 맑은 여름 향수입니다. 누구나 접근할 수 있는 쉬운 향입니다.",Dolce & Gabbana Beauty Light Blue
베로니크 가바이 베르 데지르,민트 향이 자연스럽고 부드러운 느낌입니다. 안개 같은 민트가 세련되게 퍼지는 향이랄까요? 시원하고 케케묵은 때를 다 쓸어내 줄 것 같은 깨끗함이 있어요. 호불호가 갈릴 것 같은 어려운 포인트는 많이 제거해서 부드럽게 만든 향인 것 같아요.,Véronique Gabai Vert d'Esprit
힐리 셀 마린,"아주 시원하고 개운한 바다의 느낌. 찹 조름 소금기와 해조류의 냄새가 나고, 내 앞에 바다가 펼쳐지는 듯한 느낌이 드네요. 물 냄새가 확 나고, 대놓고 물 냄새가 나는 향입니다. 스타일이 많이 갈릴 것 같고, 우디 머스크한 느낌이 느껴질 수 있습니다.",Hilly Sel Marine
줄리엣 헤즈어건 모스코 뮬,"처음에는 톡 쏘는 시트러스 향이 나고, 뒤로 갈수록 시원하고 맑은 느낌의 향입니다. 잔향으로는 약간 원더랑 비슷한 산란체 같은 게 남는데.. 전체적으로 한국인들이 좋아할 스타일이면서 한 여름에 뿌려도 좋은 프레시함과 시원함이 있습니다.",Juliette Has a Gun Moscow Mule
바이레도 슈퍼시더,향은 꽤나 심플합니다. 연필심의 향에다가 약간의 장미향이 섞인 향이라고 할 수 있어요. 우리가 연필을 직접 깎고 있을 때 풍겨오는 그 연필심의 가루 향이 살짝 파우더리하게 풍겨오고 거기에 서늘한 장미향도 은근하게 섞였습니다. 근데 이 장미향이 막 대놓고 로즈향 꽃향기 이런 건 전혀 아니에요. 그냥 약간의 꽃향기가 터치된 수준이라서 장미라고 말 안 하면 장미향을 못 느낄 수도 있을 정도입니다. 그리고 잔향에서는 머스크향이 포근하게 남아서 전체적으로 좀 보송한 느낌이에요. 이 향을 사람으로 비유를 해보자면 부드러운 성향인데 외적으로도 좀 자기를 꾸밀 줄 아는 그런 스타일의 사랑이 떠올라요.,Byredo Super Cedar
바이레도 모하비 고스트,"꽃과 과일들이 들어있는 우유 푸딩을 나무 스푼으로 넘어갈 때 향이 나고, 촉촉하고 뽀얀 향이 고스란히 느껴지고요. 왠지 보랏빛일 것 같은 신비로운 이국적인 꽃향기도 나면서 과일향도 은근하게 납니다. 게다가 전체적으로 은은한 우디안까지 섞여 있어요. 뭔가 섬유유연제향 같기도 하고 비누향 같기도 한데, 일상적이고 평범하기만 한 향은 아닌 분명히 개성이 섞여 있는 향이라서 사람들이 선호할 스타일이라고 생각을 했습니다. 그런데 이 향수에서 느껴지는 촉촉함이 오이 냄새라던가 물 향으로 느껴져서 내 스타일은 아니다라는 분들도 계시긴 하거든요.",Byredo Mojave Ghost
바이레도 블랙 샤프란,첫 향은 좀 달콤한 베리 향이 나거든요. 라즈베리 같기도 하고 블랙베리 같기도 한 그런 베리 향이 들큰하게 나는데 전혀 밝은 느낌은 아닙니다. 농도 짙은 과일향인데 어딘가 씁쓸해요. 그리고 시간이 조금 지나면은 가죽향이 확납니다. 그런데 그 가죽 향이 흙 묻은 스웨이드 향이랄까요. 그만큼 earthy하고 우디한 향이 많이 섞인 향수입니다. 게다가 전체적으로 매케한 시간도 많이 나요. 뿌연 연기가 떠오르는 스모키한 향도 전체적으로 깔려 있다고 보시면 됩니다. 그래서 뭔가 힙한 부연 색 도시를 살아가는 시크인이 떠오르는 향이랄까요.,Byredo Black Saffron
메종 프란시스 커정 724,724는 굉장히 대중적인 세탁 향으로 출시가 돼서요. 매니아들 사이에서는 아 이거 너무 무난해서 아쉽다 이런 반응이 있긴 하거든요. 저는 개인적으로 막 세탁 향 빨래 향 요런 향수를 찾아다니면서 향 덕질을 시작한 케이스라서 그런지 저는 좋더라고요. 잠들지 않는 도시 뉴욕의 이른 아침 세탁소에서 영감을 받아서 탄생했습니다. 저한테는 이게 세탁소 향이라기보다는 완전 세탁 세제 향이었어요. 쿨하고 선명합니다. 촉촉한 증기 새콤하고 크리스피한 향입니다. 하얀 색깔 가루 세제에서 나는 상쾌한 향을 예상하시면 되고요. 아주 새콤한 레몬 냄새도 꽤 많이나요. 그리고 커정향수 특유의 그 쇠냄새도 존재감이 큽니다. 저는 이 세 냄새가 마치 굉장히 각지고 커다랗고 메탈릭한 세탁기를 떠올리게 하더라고요. 뭔가 쇠를 딱 씹었을 때 그 찌르라는 느낌이 있잖아요. 이 향수의 컨셉인 바쁜 유혹을 살아가는 뉴욕커 직장인 뭐 이런 이미지예요. 그리고 그 이미지는 이 향수의 메탈릭한 느낌에서 나오는 것 같습니다. 도시를 빠르게 가로질러 가는 지하철이라던가 통유리창 고층 빌딩 이런 분위기를 자아내는 도시의 향기라고 할 수 있죠. 아쿠아 유니버셜보다 훨씬 치리사가 잔향이 포근하더라고요. 그 베이스 노트에 머스크랑 샌더로드의 부드러움이 확실히 느껴지더라고요. 아쿠아 유니버셜보다는 좀 포근하고 발에도 불랑시보다는 더 새콤하고 샤프한 향이다라고 느껴졌습니다.,Maison Francis Kurkdjian 724
지미추 아이 원 추,"뿌리자마자 상콤달콤한 시트러스 향과 복숭아향이 확나요 잘 익은 오렌지로 만든 주스 그리고 복숭아 마멀레이드 연상되는 오프닝입니다. 자스민과 레드 스파이더 릴리의 화이트 플라우 향이 이어지는데요, 이 꽃향기가 뭔가 반짝반짝 빛나는 것처럼 스파클링한 느낌이 있어요. 프루티한 과실향과 우아한 꽃향기가 어우러진 샴페인을 마실 때 향처럼 느껴지기도 하더라고요. 잔향에서 부드러운 바닐라 향이 천천히 녹아 됩니다. 딱이 향수의 바틀리나 패키지의 이미지와 닮아 있어요. 다크한 과일 주스나 향 뜻한 샴페 연상케 하고, 반짝이는 글리터들이 되게 화려하자아요. 그런 것처럼 이 향수를 뿌리면 마치 내 주변에 미러보이 탁 켜진 것처럼 기분이 들뜨게 됩니다. 이 향수를 뿌리는 사람은 왠지 같이 있으면은 항상 즐거운 사람일 것 같아요.",Jimmy Choo I Want Choo
센틀리에 오렌지 블라썸 토스카나,아주 상큼하고 톤이 높은 향수예요. 깨끗한 오렌지 블라썸 향이 섞여 있는 향수라서 어둡고 우울한 바이브 1도 없는 상쾌한 시트러스 향입니다. 룰루레몬 매장 향기가 나는 딱 그 향수예요.,Centlie Orange Blossom Toscana
캘리포니아센트 팜스 페이퍼 라구나 브리즈,"청량한 바다에 시원함을 담은 향이라고 하길래 궁금해서 한번 사 봤어요. 하지만 제가 느끼기엔 바다 향은 아닌 거 같고, 버블껌 느낌이에요. 그 버블검이 무조건 하늘 세계나 파랑 색이어야 돼서 그런 스타일 좋아하시면 요거 차량용 방향제나 옷걸이에 걸어두는 방향제로 쓰시기 좋을 거예요.",California Scent Palms Paper Laguna Breeze
나르시소 로드리게즈 퓨어 마스크 포 허 오드 퍼퓸,이 향은 정말 순수한 향인데요 대부분의 한국인들이 좋아할 만한 아주 깨끗하면서 풍부한 깊이감이 있는 머스크향입니다. 처음 뿌리자마자 청량한 비누향이 퍼지는데 아주 순하고 절제된 파우더를 향입니다. 밀키한 하얀 비누로 씻고 난 뒤에 내 피부에 남을 살 냄새 같은 향기가 너무 좋아요. 그리고 특히 제가 더 좋았던 건 이 순수한 비누향이 귀엽거나 공주풍의 이미지가 아니라 아주 중성적이고 약간의 관능미까지 있는 이미지라는 점이었어요.,Narciso Rodriguez Pure Musk for Her Eau de Parfum
나르시소 로드리게즈 포 허 오 드 퍼퓸,나르시솔 로드리게즈의 시그니처 노트의 머스크향에다가 장미와 패출리 향이 어우러졌는데요 약간 도발적이고 성숙한 느낌입니다. 복숭아의 과즙향도 약간 곁들여졌어요 하지만 그 과즙향이 도드라지진 않고요 이 향수에 과하지 않을 달콤함을 살짝 얹어주는 정도입니다.,Narciso Rodriguez For Her Eau de Parfum
나르시소 로드리게즈 포 허 오 드 뚜왈렛,아주 섬세한 몸짓으로 자신을 표현하고 있는 우아 무용수가 떠오르는 향이라고 생각을 했어요. 오렌지 블라썸이랑 오스만투스 같은 꽃향기로 시작을 했다가 부드러운 머스크와 엠버노트로 이어지고 베티버와 파출리향으로 마무리되는 향기입니다. 너무 화려하지도 너무 단순하지도 않은 향이라서 적당히 차려입은 날 뿌리고 싶어요.,Narciso Rodriguez For Her Eau de Toilette
나르시소 로드리게즈 플레르 마스크 포 허 오 드 퍼퓸,화사한 꽃향기와 잔향에서의 포근한 앰버 머스크향이 공존하고 있기 때문에 지금부터 다가오는 봄까지 쭉 잘 사용하실 수 있을 만한 향기입니다.,Narciso Rodriguez Fleur Musc for Her Eau de Parfum
나르시소 로드리게즈 머스크 느와르 로제 포 허 오 드 퍼퓸,뿌리자마자 새콤한 베르가목과 달달한 자두 향 그리고 살짝 다크한 스웨이드 레더향이 어우러집니다. 그리고 전체적으로 바닐라 향이 깔려 있는 느낌이에요. 그래서 되게 시크한 검정색 레더 자켓을 입고 바닐라 시럽에 절여진 자두와 부드러운 투베로즈 꽃이 만지고 있는 사람이 떠오르는 향이었습니다.,Narciso Rodriguez Musc Noir Rose for Her Eau de Parfum
나르시소 로드리게즈 머스크 느와르 포 허 오 드 퍼퓸,여기서도 자두랑 스웨이드 향수입니다. 피부에 은은하게 스며드는 느낌이에요. 그리고 헬리오트로프라는 소프트한 파우더리 향해 꽃이 부담스럽지 않게 사용됐기 때문에 묘한 여운이 오래 남는 향수입니다.,Narciso Rodriguez Musc Noir for Her Eau de Parfum
나르시스 로드리게즈 오 드 퍼퓸 크리스탈,이 향수는 베르가모 프리지아를 비롯한 프레시한 탑노트로 싱그럽게 포분해합니다. 이어서 자스민과 장미까지 더해져서 플로럴함을 한층 더 가미해주고요 잔향을 시더우드가 섞인 화이트 머스크향으로 남습니다. 이 향수를 맡았을 때 떠오르는 이미지는 햇살의 반짝이는 건강한 피부랑 막 내추럴한 미소가 돋보이는 그런 사람의 이미지였어요.,Narciso Rodriguez Eau de Parfum Crystal
나르시스 로드리게즈 오 드 퍼퓸 푸드레,포근하고 부드럽고 따뜻하고 달콤하죠 성숙한 분네를 좋아하시는 분들이라면 마음에 들어 하실 만한 묵직한 파우더 향입니다. 장미와 재스민 머스크 베티버 섀도우드가 만나서 도시에 커리어우먼 같은 이미지를 연출해 준답니다.,Narciso Rodriguez Eau de Parfum Poudré
나르시스 로드리게즈 오 드 퍼퓸 엉브레,휴양지에서 쉽게 볼 수 있는 꽃인 일랑일랑 앰버 머스크 향으로 시작해서 바닐라 등의 달콤하고 따뜻한 향으로 이어지는 향수인데요 특히 매끈한 앰버 향이 돋보입니다. 마치 드넓은 사막에서 황금빛 태양빛을 마주하고 있는 것처럼 이국적인 온기가 느껴져요.,Narciso Rodriguez Eau de Parfum Ambre
레 에 쇼콜라,초콜릿 향이 나는 향수입니다. 초콜릿 향이 나요 처음에는 초콜렛을 잘게 조각 조각을 내고 있는 듯한 모습이 그려지는 향이 나요. 잠시 후에 그 조각 내 초콜렛을 따끈한 블루 녹인 다음에 거기 우유를 부어서 하 초코를 만들었을 때 날 법한 향이 납니다. 개인적으로 헤이즐넛 커피를 살짝 섞은 듯한 뉘앙스도 느껴졌어요. 카페에서 폭탄 카페모카에 헤이즐넛 시럽 살짝 누른 듯한 음료가 떠오르게 됩니다. 초콜릿의 깊은 달콤함뿐만 아니라 견과류가 떠오르는 고소한 느낌도 있는 향이에요. 전반적으로 따스한 느낌도 있어서 요즘처럼 참 말한 볼 때 꾸리며는 너무너무 자율 이향이고요.,Les Échappées Chocolat
레 드 바닐,"단일 나가 메인이 되는 향수에요. 포프 스크 톡 치는 듯한 달달한 향이 풍문에 엽니다. 톡쏘는 스파이 시험이 있다고 느껴져서 귀여운 느낌뿐만 아니라 약간 관능적인 이미지도 있는 바닐라 향이라고 여겨졌어요. 약간 바닐라 캐러멜 요런게 떠오르게 됐고, 달콤한 시간을 보내고 있는 펀 콜론 이미지가 연상이 되는 향이라고 느껴지기도 했습니다.",Les Échappées Vanille
레 드 비스킷,고소하고 달달한 연휴에 향이 그대로 느껴지는 향수에요. 부드럽기도 하고 경쾌하게 도한 밀크 캬라멜 향이 나서 굉장히 마니아층이 많은 우유 향수라고 표현하고 싶어요. 아늑한 베이커리에서 아몬드와 함께 정성스럽게 군 비스킷에 서 날 것 같은 향입니다. 정말 포슬포슬한 핸드메이드 쿠키가 떠오르는 행복한 향이에요.,Les Échappées Biscuit
템버린즈 홀리 메탈,"이 향은 신성한 유적지의 성전에서 느껴지는 깨끗하고 차분한 공기를 떠올리게 하는 향이라는 컨셉을 가지고 있는데, 청정한 지역에 위치한 유적지에서 상쾌한 공기를 이렇게 들이마시고, 어디선가 희미하게 날아오는 신성한 인센스 향도 느끼고 있는듯한 기분이 들게 하는 향이에요. 아로마틱한 허브향이 편안하게 퍼지고, 산속에 있는 유적지나 절에 간듯한 우디 향이랑 인센스 향 그리고 정말 클린한 메탈릭한 향이 납니다. 그 메탈릭함이 청동으로 된 오리엔탈한 인센스 홀더의 향을 피우고 있는듯한 모습을 연상케 하는 신비로운 바이브가 있어요. 전반적으로 향이 정말 청정하고 쾌적한 분위기를 연출해 주는 서늘함이 깔려 있어서 참 매력적이더라고요.",Tambourins Holy Metal
장 폴 고티에 르 말,"르 말을 처음에 딱 뿌리면 민트 향이 나는데 우리가 일상에서 만나는 면초나 민채와 같은 민트 향은 아니고, 평소스러운 민트 향이 나요. 남성용 스킨케어 제품이나 쉐이빙폼에서 많이 맡아본 듯한 민트 향이 되게 상쾌하게 납니다. 시간이 지날수록 따스하고 약간 묻히고 판 달달함으로 마무리가 됩니다. 마치 민트나 목 라벤더 향수를 꿀이 남자가 맨손으로 바닐라 크림 위에 실험하는 듯한 모습이 연상되는 향이에요. 바닐라 나 통 카빈 노론 향이 좀 지배적인 향수입니다.",Jean Paul Gaultier Le Male
베이비토스,"얇은 여름 이불이나 손수건 세탁한 듯한 기분이 드는 향입니다. 심플한 오렌지 꽃향기가 메인이 되며, 누구나 쉽게 사용할 수 있을 만한 플로럴 마스크 향입니다.",Babytoss
필로소피 어메이징 그레이스,"클린 향수들 중에서 제일 순한 느낌이며, 스카이 블루 컬러로 인테리어 되어 있고 채광이 좋은 곳에서 비누로 빨래하고 있는 듯한 모습이 연상됩니다. 클린 향수 특유의 쨍한 느낌이 없고, 되게 소프트하고 뽀송하고 연한 가벼운 빨래 향기입니다.",Philosophy Amazing Grace
불리 베르벤느,"가볍고 상쾌하고 쿨한 느낌의 향입니다. 싱그러운 레몬과 버베나 바질 민트 등이 어우러진 아로마틱 시트러스 그 자체의 향인데요, 마치 싱그러운 시트러스 과일들이랑 향긋한 허브를 모아두고 그 위에 하얀색 머스크 가루를 살짝 뿌린 거 같은 그런 느낌의 향기예요. 포근한 시원함이라는 정말 색다른 매력을 느낄 수가 있어요.",Byredo Bergamotte
불리 크레송,신선한 파슬리와 풍성한 풍미의 제라늄 그리고 씁쓸한 베티버 향이 어우러진 향조로 이뤄진 향수입니다. 마치 아주 신선한 물냉이를 흐르는 물에 깨끗하게 씻어낸 다음에 거기에 파슬리나 향이 좋은 허브들을 더해서 칼로 얇게 썰어내고 있을 때 내 손가락 사이사이로 느껴지는 엽록소의 향기가 있다면 이런 향이지 않을까라는 생각이 들었어요.,Byredo Cresson
불리 그로세이,햇살이 가득 받고 자란 탐스러운 열매가 떠오르는 향기입니다. 새콤푸릇한 토마토의 달콤하고 톡 쏘는 베르가목과 레드 크런치 그리고 향긋한 로즈마리가 어우러진 향수인데요. 정말 건강한 느낌의 자연물 원래에서 느껴지는 당도만 느껴지는 향기입니다.,Byredo Grosellina
불리 베트라브,진취적이고 열정이 넘치는 향이라고 느꼈어요. 살짝 달콤 씁쓸한 붉은 비트랑 톡 손을 루바브 고급스러운 패출리 향이 더해져서 이국적이고 이색적인 매력을 완성해주는 향기입니다. 뭔가 식감이 되게 아삭한 채소랑 과일들을 많이 정제하지 않고 그냥 고스란히 맡았을 때가 떠오르는 향이라서요.,Byredo Vetiver
불리 빠따뜨 두스,"스파이시한 향이랑 달콤함이 만나서 고급스러운 따스함을 완성해주는데요. 마치 사랑하는 사람들이 여럿이서 모여가지고 너무너무 예쁜 숲속의 별장에서 편안하게 저녁 시간을 즐기고 있는 듯한 기분이 드는 향이에요. 고구마가 메인 노트인 향인데, 뭔가 목재 테이블에서 당근 케익이랑 향긋한 차를 마시고 있는 그런 여유로운 모습이 그려지기도 했습니다.",Byredo Patate Douce
